Artist,Title,Streams
Kendrick Lamar,HUMBLE.,339677217
Lil Uzi Vert,XO TOUR Llif3,316206696
Post Malone,Congratulations,285451131
Ed Sheeran,Shape of You,282319891
Future,Mask Off,241828211
Post Malone,rockstar,238013267
Luis Fonsi,Despacito - Remix,235012075
KYLE,iSpy (feat. Lil Yachty),227087919
Khalid,Location,226224851
Logic,1-800-273-8255,221788327
French Montana,Unforgettable,219082837
Migos,Bad and Boujee (feat. Lil Uzi Vert),211518962
Bruno Mars,That's What I Like,208416179
DJ Khaled,I'm the One,206524898
Travis Scott,goosebumps,200660671
Kendrick Lamar,DNA.,190134671
Big Sean,Bounce Back,186239735
Childish Gambino,Redbone,180679901
21 Savage,Bank Account,179650062
Sam Hunt,Body Like A Back Road,172818841
Drake,Fake Love,172764719
Drake,Passionfruit,168936267
Imagine Dragons,Believer,161185874
Migos,Slippery (feat. Gucci Mane),160644388
Kodak Black,Tunnel Vision,159675387
Khalid,Young Dumb & Broke,158529702
Kendrick Lamar,LOVE. FEAT. ZACARI.,156207684
Migos,T-Shirt,153808845
Zedd,Stay (with Alessia Cara),152614157
ZAYN,"I Don’t Wanna Live Forever (Fifty Shades Darker) - From ""Fifty Shades Darker (Original Motion Picture Soundtrack)""",148007471
Julia Michaels,Issues,147063367
Calvin Harris,Slide,146806206
The Chainsmokers,Something Just Like This,145168696
The Weeknd,Starboy,143772119
A Boogie Wit da Hoodie,Drowning (feat. Kodak Black),142644816
Travis Scott,Butterfly Effect,140994767
James Arthur,Say You Won't Let Go,139105695
Cardi B,Bodak Yellow,137770156
The Chainsmokers,Closer,137009517
DJ Khaled,Wild Thoughts,133233241
Drake,Portland,132209360
Kygo,It Ain't Me (with Selena Gomez),131431123
Rae Sremmurd,Swang,129484067
Imagine Dragons,Thunder,128764439
Playboi Carti,Magnolia,125657212
Kendrick Lamar,LOYALTY. FEAT. RIHANNA.,124676086
Charlie Puth,Attention,124240832
Aminé,Caroline,124002371
Camila Cabello,Havana,123735162
Demi Lovato,Sorry Not Sorry,122909208
Lil Pump,Gucci Gang,120230236
The Chainsmokers,Paris,118441429
DRAM,Broccoli (feat. Lil Yachty),117737969
Liam Payne,Strip That Down,114095640
XXXTENTACION,Look At Me!,110756456
Post Malone,I Fall Apart,109701888
21 Savage,X (feat. Future),106965611
The Weeknd,I Feel It Coming,105447990
Post Malone,Go Flex,104894155
Marshmello,Silence,104066434
Dua Lipa,New Rules,103949426
Post Malone,White Iverson,102840864
Shawn Mendes,There's Nothing Holdin' Me Back,102755117
Ed Sheeran,Perfect,101169273
Halsey,Now Or Never,100206940
J Balvin,Mi Gente,99917081
Niall Horan,Slow Hands,99067411
SZA,Love Galore,98443638
Portugal. The Man,Feel It Still,97757758
Chance The Rapper,No Problem (feat. Lil Wayne & 2 Chainz),97668135
Drake,One Dance,96640713
Post Malone,Candy Paint,95228355
Luis Fonsi,Despacito (Featuring Daddy Yankee),94972759
Gucci Mane,I Get The Bag (feat. Migos),93475547
2 Chainz,It's A Vibe,92022828
Russ,Losin Control,91194737
XXXTENTACION,Jocelyn Flores,90634913
blackbear,do re mi,88553337
Lil Uzi Vert,The Way Life Goes (feat. Oh Wonder),87427167
J. Cole,No Role Modelz,86429876
Drake,Gyalchester,86399683
Ed Sheeran,Castle on the Hill,85892700
Yo Gotti,Rake It Up,85854745
Maroon 5,What Lovers Do (feat. SZA),85565479
Young Thug,pick up the phone,84865506
Taylor Swift,Look What You Made Me Do,84079960
Calvin Harris,Feels,84017875
Rae Sremmurd,Black Beatles,83817471
Lil Uzi Vert,Money Longer,82988005
Kendrick Lamar,ELEMENT.,82627908
G-Eazy,No Limit,82079123
Playboi Carti,wokeuplikethis*,80890486
Travis Scott,beibs in the trap,80021678
Ayo & Teo,Rolex,79138254
A$AP Ferg,Plain Jane,78927429
Tee Grizzley,First Day Out,77179821
Lauv,I Like Me Better,76697173
Big Sean,Moves,76563898
Bruno Mars,24K Magic,76131338
Kodak Black,Roll In Peace (feat. XXXTENTACION),75881923
XXXTENTACION,Fuck Love (feat. Trippie Redd),74328381
Lil Uzi Vert,You Was Right,74207159
Gucci Mane,Both (feat. Drake),74153982
Jason Derulo,Swalla (feat. Nicki Minaj & Ty Dolla $ign),73566694
21 Savage,No Heart,73416475
6LACK,PRBLMS,72549867
Bryson Tiller,Don't,72549513
Halsey,Bad At Love,68618777
Macklemore,Glorious (feat. Skylar Grey),68032232
Bryson Tiller,Exchange,66985135
Kesha,Praying,66951583
Russ,What They Want,66898144
Alessia Cara,"How Far I'll Go - From ""Moana""",66798278
NF,Let You Down,66602529
Rob $tone,Chill Bill,66271644
Machine Gun Kelly,Bad Things (with Camila Cabello),65975364
Future,Selfish,65300300
Hailee Steinfeld,"Let Me Go (with Alesso, Florida Georgia Line & watt)",65029463
AJR,Weak,64545307
2 Chainz,4 AM,64374949
Bebe Rexha,Meant to Be (feat. Florida Georgia Line),63814504
Future,Low Life,63812715
Hailee Steinfeld,Starving,63764427
David Guetta,2U (feat. Justin Bieber),62756234
Rihanna,Love On The Brain,62605951
Cheat Codes,No Promises (feat. Demi Lovato),62514884
Starley,Call On Me - Ryan Riback Extended Remix,62183678
Young Thug,Relationship (feat. Future),61869197
Offset,Ric Flair Drip (& Metro Boomin),61645113
J. Cole,Neighbors,59444465
Calvin Harris,Rollin,59140593
Selena Gomez,Bad Liar,58865219
Ed Sheeran,Galway Girl,57982680
Martin Garrix,Scared to Be Lonely,57928345
Kane Brown,What Ifs,57195580
Logic,Everybody,57093119
ZAYN,Dusk Till Dawn - Radio Edit,56646267
Sam Smith,Too Good At Goodbyes,56545538
Hailee Steinfeld,Most Girls,55809171
Miley Cyrus,Malibu,55579745
Selena Gomez,Wolves,54975681
The Weeknd,Party Monster,54788240
Harry Styles,Sign of the Times,54632142
Clean Bandit,Rockabye (feat. Sean Paul & Anne-Marie),54474960
Khalid,Saved,54410231
Brett Young,In Case You Didn't Know,54045139
PnB Rock,Selfish,53619881
Luke Combs,Hurricane,53158566
Migos,MotorSport,52994689
Taylor Swift,...Ready For It?,52971370
Jon Bellion,All Time Low,52953555
The Chainsmokers,Don't Let Me Down,52637955
Tee Grizzley,From The D To The A (feat. Lil Yachty),52490591
Drake,Signs,52364233
NAV,Myself,51299659
Lil Uzi Vert,Sauce It Up,51180027
Twenty One Pilots,Heathens,50226233
Kodak Black,Transportin',49908024
Tay-K,The Race,49101839
Migos,Get Right Witcha,48956386
Metro Boomin,No Complaints,48198860
Ariana Grande,Side To Side,47518424
Maroon 5,Cold,47457236
XXXTENTACION,Everybody Dies In Their Nightmares,47383684
Justin Bieber,Friends (with BloodPop®),46960589
Miguel,Sky Walker,46336756
SZA,The Weekend,46109618
J. Cole,Deja Vu,46024961
Clean Bandit,Symphony (feat. Zara Larsson),45573421
Thomas Rhett,Unforgettable,45366163
YFN Lucci,Everyday We Lit (feat. PnB Rock),45300321
Sam Smith,Too Good At Goodbyes - Edit,45142874
Louis Tomlinson,Back to You (feat. Bebe Rexha & Digital Farm Animals),44397432
Selena Gomez,Fetish (feat. Gucci Mane),44291387
Thomas Rhett,Craving You,43241460
Kodak Black,No Flockin,42705849
The Weeknd,Reminder,41163616
Maggie Lindemann,Pretty Girl - Cheat Codes X CADE Remix,41025376
Kendrick Lamar,XXX. FEAT. U2.,40952336
PnB Rock,"Horses (with PnB Rock, Kodak Black & A Boogie Wit da Hoodie)",40747520
Desiigner,Panda,40435731
Rae Sremmurd,Perplexing Pegasus,39910027
Martin Garrix,In the Name of Love,39902615
21 Savage,Ghostface Killers,39748732
DJ Snake,Let Me Love You,39695589
Kodak Black,Too Many Years,39499458
Famous Dex,Pick It Up (feat. A$AP Rocky),39413460
6LACK,Ex Calling,39272019
Charlie Puth,How Long,39176675
Lord Huron,The Night We Met,39131369
Drake,Free Smoke,38902277
Katy Perry,Chained To The Rhythm,38652301
Drake,Controlla,38639011
Axwell /\ Ingrosso,More Than You Know,38607543
Maluma,Felices los 4,38498022
Lil Xan,Betrayed,38196387
Justin Timberlake,"CAN'T STOP THE FEELING! (Original Song from DreamWorks Animation's ""TROLLS"")",38009957
Maroon 5,Don't Wanna Know,37328961
Martin Garrix,There for You,37297176
Drake,Teenage Fever,37060000
Rihanna,Needed Me,36998065
Dustin Lynch,Small Town Boy,36673320
Major Lazer,Run Up (feat. PARTYNEXTDOOR & Nicki Minaj),36539552
Eminem,'Till I Collapse,36493752
Nebu Kiniza,Gassed Up,36410907
Avicii,Lonely Together (feat. Rita Ora),36242323
Twenty One Pilots,Ride,35995069
blackbear,do re mi (feat. Gucci Mane),35925140
Drake,Blem,35906475
GoldLink,Crew,35851431
Lorde,Green Light,35613236
PARTYNEXTDOOR,Come and See Me (feat. Drake),35096263
Mariah Carey,All I Want for Christmas Is You,34999291
Ugly God,Water,34912587
Drake,Sneakin’,34419695
Jonas Blue,Mama,34296832
Kodak Black,Patty Cake,33791539
G-Eazy,Him & I (with Halsey),33605177
Martin Jensen,Solo Dance,33257017
Shawn Mendes,Mercy,33159522
Kendrick Lamar,YAH.,33002935
Lil Uzi Vert,Erase Your Social,32827510
Lady Gaga,The Cure,32711690
NAV,Some Way,32651334
Jon Pardi,Heartache On The Dance Floor,32273254
Lil Wayne,"Sucker For Pain (with Wiz Khalifa, Imagine Dragons, Logic & Ty Dolla $ign feat. X Ambassadors)",31650802
Drake,Do Not Disturb,31549899
Drake,Too Good,31164107
Camila Cabello,Crying in the Club,30779261
Rich The Kid,New Freezer (feat. Kendrick Lamar),30771564
Major Lazer,"Know No Better (feat. Travis Scott, Camila Cabello & Quavo)",30660471
P!nk,What About Us,30152791
Chris Brown,Questions,29925889
The Vamps,All Night,29624785
Alessia Cara,Scars To Your Beautiful,29545913
Chance The Rapper,All Night (feat. Knox Fortune),29368412
G-Eazy,Some Kind Of Drug,29356678
NAV,Up,29272531
Olivia Holt,History,29174893
NAV,Wanted You (feat. Lil Uzi Vert),29131704
Rita Ora,Your Song,29084789
Kendrick Lamar,PRIDE.,29035679
Lil Pump,Flex Like Ouu,28852947
Kygo,First Time,28649343
Future,Comin Out Strong,28624745
Fifth Harmony,Down,28582807
Chris Brown,Party,28494813
YBN Nahmir,Rubbin Off The Paint,28337576
Kendrick Lamar,LUST.,28187335
Kendrick Lamar,FEEL.,28034682
Big Sean,No Favors,27700494
Khalid,8TEEN,27559006
Steve Aoki,Just Hold On,26847886
Drake,Sacrifices,26758188
Bebe Rexha,I Got You,26692928
Kodak Black,Codeine Dreaming (feat. Lil Wayne),26572134
Snakehips,Don't Leave,26410330
Lorde,"Homemade Dynamite (Feat. Khalid, Post Malone & SZA) - REMIX",26310860
The Chainsmokers,The One,26275149
Chris Brown,Pills & Automobiles,26192716
2 Chainz,Good Drank,26082351
Marian Hill,Down,26062776
Gucci Mane,Met Gala (feat. Offset),25952721
The Weeknd,Die For You,25909173
Wisin,Escápate Conmigo,25779232
Lil Pump,Boss,25770253
Kygo,Stargazing,25763596
Shakira,Chantaje,25646869
Luke Combs,When It Rains It Pours,25498448
Major Lazer,Cold Water (feat. Justin Bieber & MØ),25143694
Drake,Jumpman,25073284
Migos,Kelly Price (feat. Travis Scott),24769586
Macklemore,Good Old Days (feat. Kesha),24509056
Drake,Get It Together,24454211
J Balvin,Mi Gente (feat. Beyoncé),24296262
Sam Smith,Pray,24136128
MadeinTYO,Skateboard P (feat. Big Sean),24069293
Clean Bandit,I Miss You (feat. Julia Michaels),23949887
Post Malone,No Option,23943673
Noah Cyrus,Make Me (Cry),23925976
G-Eazy,Good Life (with G-Eazy & Kehlani),23827008
Petit Biscuit,Sunset Lover,23785387
Big Sean,Jump Out The Window,23360724
Lauv,The Other,23319828
Ed Sheeran,Happier,23220343
Shawn Mendes,Treat You Better,23038808
21 Savage,Numb,22979748
Ed Sheeran,Perfect Duet (Ed Sheeran & Beyoncé),22856893
Post Malone,Deja Vu,22436233
Kendrick Lamar,GOD.,22398818
Skrillex,Would You Ever,22312357
Wale,Running Back (feat. Lil Wayne),22263756
Lil Yachty,One Night,22048775
OneRepublic,Rich Love (with Seeb),22046871
The Chainsmokers,All We Know,21756757
Taylor Swift,Gorgeous,21743680
Brenda Lee,Rockin' Around The Christmas Tree - Single Version,21711829
John Legend,Love Me Now,21702508
Camila Cabello,OMG,21461215
The Weeknd,Six Feet Under,21442953
JP Cooper,September Song,21390397
Maroon 5,Wait,21372119
Kendrick Lamar,FEAR.,21338337
Nicki Minaj,No Frauds,21118785
Fifth Harmony,Work from Home,21097418
Trippie Redd,Love Scars,21074598
Twenty One Pilots,Stressed Out,21044344
Smokepurpp,Audi.,21041378
ZAYN,Still Got Time,20981589
Flo Rida,Cake,20907646
6ix9ine,GUMMO,20798121
Bryson Tiller,Run Me Dry,20779454
Drake,KMT,20258407
Future,Used to This,20184059
Gucci Mane,Curve (feat. The Weeknd),20164855
Drake,No Long Talk,20053256
Adele,Water Under the Bridge,19788754
Drake,Ice Melts,19763670
Ed Sheeran,Dive,19758762
MAX,Lights Down Low,19473601
Young Thug,Wyclef Jean,19386654
Eminem,River (feat. Ed Sheeran),19296038
Niall Horan,Too Much To Ask,19166215
Kendrick Lamar,DUCKWORTH.,19040937
XXXTENTACION,Revenge,18913242
Kendrick Lamar,BLOOD.,18718025
Drake,Madiba Riddim,18485347
Imagine Dragons,Whatever It Takes,18421573
Future,Rent Money,18391952
Drake,4422,18318412
Sage The Gemini,Now and Later,18195143
Ariana Grande,Everyday,18184809
Drake,Jorja Interlude,18143966
Mike WiLL Made-It,"Perfect Pint (feat. Kendrick Lamar, Gucci Mane & Rae Sremmurd)",18127200
Eminem,Walk On Water (feat. Beyoncé),18055579
The Weeknd,Sidewalks,17883733
Young M.A,OOOUUU,17726724
Lil Uzi Vert,The Way Life Goes (feat. Nicki Minaj & Oh Wonder) - Remix,17671431
Wham!,Last Christmas,17668541
Machine Gun Kelly,At My Best (feat. Hailee Steinfeld),17509490
Cardi B,Bartier Cardi (feat. 21 Savage),17459286
Andy Williams,It's the Most Wonderful Time of the Year,17419651
Lil Yachty,Peek A Boo,17333920
Lil Pump,D Rose,17120529
OneRepublic,No Vacancy,16999397
gnash,"i hate u, i love u (feat. olivia o'brien)",16927286
Luis Fonsi,Échame La Culpa,16927120
Auli'i Cravalho,How Far I'll Go,16889134
Taylor Swift,End Game,16305250
A R I Z O N A,Oceans Away,16282594
Meek Mill,Litty (feat. Tory Lanez),16273141
A Boogie Wit da Hoodie,My Shit,16209145
CNCO,Reggaetón Lento (Remix),16196903
Eminem,Lose Yourself - Soundtrack Version,16175011
Zedd,Get Low (with Liam Payne),16171300
Lil Uzi Vert,X,16028247
Machine Gun Kelly,"Home (with Machine Gun Kelly, X Ambassadors & Bebe Rexha)",15911566
The Chainsmokers,Break Up Every Night,15898405
Stanaj,Romantic - NOTD Remix,15890771
Joey Bada$$,DEVASTATED,15879638
LANY,Super Far,15860358
Aaron Carter,Sooner Or Later,15817934
Mike Posner,I Took A Pill In Ibiza - Seeb Remix,15706346
Avicii,Without You (feat. Sandro Cavazza),15670840
Rihanna,Work,15622927
Logic,Black SpiderMan,15597070
Jon Pardi,Dirt On My Boots,15525281
The Weeknd,The Hills,15501449
Cashmere Cat,Quit (feat. Ariana Grande),15426692
Sabrina Carpenter,Thumbs,15390604
Bebe Rexha,Bad Bitch (feat. Ty Dolla $ign),15200757
Kendrick Lamar,The Heart Part 4,15079659
LANCO,Greatest Love Story,15008215
Burl Ives,A Holly Jolly Christmas - Single Version,14973977
Katy Perry,Swish Swish,14903840
Future,Draco,14896679
Chance The Rapper,Juke Jam (feat. Justin Bieber & Towkio),14804106
"Tyler, The Creator",Who Dat Boy,14764513
Little Mix,Touch,14690291
Isaiah,It's Gotta Be You,14633049
Cheat Codes,Feels Great (feat. Fetty Wap & CVBZ),14509537
Florida Georgia Line,H.O.L.Y.,14489420
Future,Patek Water,14474706
Vice,Obsession (feat. Jon Bellion),14451205
A Boogie Wit da Hoodie,Timeless (DJ SPINKING),14431255
Robin Schulz,Shed a Light,14362959
Camila Cabello,Havana - Remix,14218798
Demi Lovato,Tell Me You Love Me,14180474
DJ Snake,A Different Way (with Lauv),14153138
Panic! At The Disco,Death Of A Bachelor,14124108
Ed Sheeran,New Man,14122584
Drake,Can't Have Everything,14075407
Future,Mask Off - Remix,14045011
A Boogie Wit da Hoodie,Say A',14029320
BTS,MIC Drop (feat. Desiigner) [Steve Aoki Remix],13987469
Kodak Black,There He Go,13872758
Sabrina Carpenter,Why,13836330
XXXTENTACION,Carry On,13725109
MØ,Nights With You,13710087
N.E.R.D,Lemon,13687481
Ed Sheeran,Thinking Out Loud,13683074
Lil Uzi Vert,444+222,13644506
Frank Sinatra,Let It Snow! Let It Snow! Let It Snow!,13521612
Bing Crosby,White Christmas,13476036
Gucci Mane,Tone it Down (feat. Chris Brown),13458718
Ed Sheeran,What Do I Know?,13383755
San Holo,Light,13381776
A$AP Mob,RAF,13369390
J. Cole,Immortal,13352596
Vince Guaraldi Trio,Christmas Time Is Here - Vocal,13229076
Travis Scott,Antidote,13128133
Jason Derulo,Tip Toe (feat. French Montana),13104786
DVBBS,Not Going Home,13064125
G-Eazy,"Me, Myself & I",13016831
Big Sean,Go Legend (& Metro Boomin),12984371
Camila Cabello,Never Be the Same,12842620
DJ Khaled,To the Max,12826445
Zara Larsson,I Would Like,12820430
Trippie Redd,Bust Down,12777947
Drake,Nothings Into Somethings,12755275
A Boogie Wit da Hoodie,Undefeated (feat. 21 Savage),12695431
Lil Uzi Vert,Dark Queen,12657609
Migos,Call Casting,12591856
Niall Horan,This Town,12582761
Moon Taxi,Two High,12492314
J. Cole,Wet Dreamz,12480895
Drake,Glow,12471042
Nat King Cole,The Christmas Song (Merry Christmas To You),12410256
Lil Uzi Vert,Do What I Want,12408402
Band Aid,Do They Know It's Christmas? - 1984 Version,12343473
Hearts & Colors,Lighthouse - Andrelli Remix,12312208
Ed Sheeran,How Would You Feel (Paean),12076782
Daya,New,11998637
Old Dominion,No Such Thing as a Broken Heart,11956729
Frank Ocean,Chanel,11909581
Gucci Mane,Both (feat. Drake & Lil Wayne) - Remix,11908700
Taylor Swift,Call It What You Want,11810341
Drake,Lose You,11766952
Elvis Presley,Blue Christmas,11662943
Ariana Grande,Into You,11655918
Ed Sheeran,Photograph,11522579
Kiiara,Whippin (feat. Felix Snow),11453046
Kanye West,Father Stretch My Hands Pt. 1,11441032
Big Shaq,Man's Not Hot,11375957
21 Savage,Rap Saved Me,11371035
The Chainsmokers,Setting Fires,11324743
Bad Bunny,Sensualidad,11094049
Florida Georgia Line,May We All,11091504
Lil Uzi Vert,Neon Guts (feat. Pharrell Williams),11066483
Chance The Rapper,Same Drugs,11061103
Luke Christopher,Lot to Learn,11046893
Bing Crosby,Winter Wonderland,11038692
XXXTENTACION,Look at Me!,11006563
Macklemore,Marmalade (feat. Lil Yachty),10936577
Drake,Skepta Interlude,10859317
Mykola Dmytrovych Leontovych,Carol of the Bells,10824449
DJ Esco,Too Much Sauce,10815797
BTS,DNA,10745600
Drake,Since Way Back,10716409
XXXTENTACION,Depression & Obsession,10704585
Ed Sheeran,Barcelona,10698564
Billy Currington,Do I Make You Wanna,10665225
Ed Sheeran,Supermarket Flowers,10660690
Michael Bublé,It's Beginning To Look A Lot Like Christmas,10619908
Machine Gun Kelly,Trap Paris (feat. Quavo & Ty Dolla $ign),10557103
Ozuna,Se Preparó,10535928
Calvin Harris,Heatstroke,10514928
José Feliciano,Feliz Navidad,10496807
"Tyler, The Creator",911 / Mr. Lonely,10488322
Anita Kerr Singers,Jingle Bell Rock,10475955
Perry Como,It's Beginning to Look a Lot Like Christmas,10473869
Shawn Hook,Reminding Me,10356925
Future,I'm so Groovy,10197294
Florida Georgia Line,"God, Your Mama, And Me",10097024
Alok,Hear Me Now,9868765
Ariana Grande,Santa Tell Me,9802046
Ed Sheeran,Hearts Don't Break Around Here,9731574
Josh Turner,Hometown Girl,9703651
Charlie Puth,We Don't Talk Anymore (feat. Selena Gomez),9703634
21 Savage,My Choppa Hate Niggas,9634023
Camila Cabello,Real Friends,9595629
Chuck Berry,Run Rudolph Run - Single Version,9575192
Harry Styles,Sweet Creature,9527316
G-Eazy,Sober,9517151
Big Sean,Halfway Off The Balcony,9502535
Ed Sheeran,Nancy Mulligan,9458068
Big Sean,Sacrifices,9451643
Eartha Kitt,Santa Baby,9430456
Kendrick Lamar,m.A.A.d city,9417319
Danny Ocean,Me Rehúso,9373526
Taylor Swift,Delicate,9371207
Trippie Redd,Dark Knight Dummo (Feat. Travis Scott),9369390
Fall Out Boy,The Last Of The Real Ones,9247972
Flume,Never Be Like You,9221500
Justin Bieber,Mistletoe,9150840
Lil Peep,Save That Shit,9065748
Lorde,Homemade Dynamite,9049559
Mike WiLL Made-It,"Gucci On My (feat. 21 Savage, YG & Migos)",9046555
Drake,Pop Style,9019656
Jax Jones,You Don't Know Me - Radio Edit,8944840
DJ Khaled,Shining,8805637
Lady Gaga,Million Reasons,8789035
Paul McCartney,Wonderful Christmastime - Remastered 2011 / Edited Version,8757263
John Lennon,Happy Xmas (War Is Over) - 2010 Digital Remaster,8694530
Martin Garrix,So Far Away,8637553
XXXTENTACION,Save Me,8443475
Burl Ives,Rudolph The Red-Nosed Reindeer,8390719
Russ,Me You,8374035
Liam Payne,Bedroom Floor,8363705
Huncho Jack,Saint,8355970
Ed Sheeran,Eraser,8308913
Linkin Park,Heavy (feat. Kiiara),8266965
Zara Larsson,TG4M,8214134
6ix9ine,KOODA,8175074
Drake,Still Here,8116134
Big Sean,Pull Up N Wreck (With Metro Boomin),8109843
Jeremih,oui,8065226
Trey Songz,Nobody Else But You,8043836
The Chainsmokers,Roses,8007321
Desiigner,Outlet,8006461
Noah Cyrus,Again,7964269
Vice,Steady 1234 (feat. Jasmine Thompson & Skizzy Mars),7961036
Quality Control,Ice Tray,7960309
Huncho Jack,Dubai Shit,7931179
Calvin Harris,This Is What You Came For,7896252
Bebe Rexha,The Way I Are (Dance With Somebody) [feat. Lil Wayne],7894613
Cashmere Cat,Trust Nobody (feat. Selena Gomez & Tory Lanez),7842041
VÉRITÉ,Somebody Else,7825635
Ed Sheeran,Bibia Be Ye Ye,7685882
Keith Urban,Blue Ain't Your Color,7628297
Lil Uzi Vert,UnFazed (feat. The Weeknd),7571186
Pentatonix,Hallelujah,7547168
Migos,Stir Fry,7520541
Kanye West,Famous,7474148
Cash Cash,All My Love (feat. Conor Maynard),7469620
Judy Garland,"Have Yourself A Merry Little Christmas - ""Meet Me In St. Louis"" Original Cast Recording",7432103
Lauv,Easy Love,7351713
The Weeknd,True Colors,7330458
James Arthur,Can I Be Him,7320043
Lana Del Rey,Love,7302531
Ed Sheeran,Save Myself,7302041
Eminem,Rap God,7287165
Lukas Graham,7 Years,7209971
"Tyler, The Creator",See You Again,7144964
Justin Bieber,Love Yourself,7087795
Jaden Smith,Icon,7047504
Drake,Hotline Bling,6993258
Loote,High Without Your Love,6953921
Huncho Jack,Modern Slavery,6936212
The Lumineers,Ophelia,6901333
The Beach Boys,Little Saint Nick,6883609
Dean Martin,Silver Bells,6863158
Katy Perry,Bon Appétit,6848611
Zay Hilfigerrr,Juju On That Beat (TZ Anthem),6831828
MadeinTYO,Skateboard P,6804447
A Boogie Wit da Hoodie,Beast Mode (feat. PnB Rock & YoungBoy Never Broke Again),6725402
Huncho Jack,Black & Chinese,6606461
Maroon 5,Help Me Out (with Julia Michaels),6568276
Thomas Gold,Magic,6564982
A$AP Ferg,Plain Jane REMIX,6479383
Chance The Rapper,All We Got (feat. Kanye West & Chicago Children's Choir),6398015
YFN Lucci,Everyday We Lit,6334976
Julia Michaels,Uh Huh,6326686
Post Malone,Congratulations - Remix,6302331
Thomas Rhett,Die A Happy Man,6302023
Bruno Mars,Finesse (Remix) [feat. Cardi B],6280603
Sia,Cheap Thrills,6275365
Grey,I Miss You,6243755
Kiiara,Gold,6241452
FRENSHIP,Capsize,6087588
KREAM,Taped Up Heart (feat. Clara Mae),6051153
Huncho Jack,Eye 2 Eye,5998788
Paramore,Hard Times,5967874
Adele,Send My Love (To Your New Lover),5965417
Future,Feed Me Dope,5928699
Thomas Rhett,Marry Me,5893170
XXXTENTACION,Orlando,5884557
Gene Autry,Here Comes Santa Claus (Right Down Santa Claus Lane),5851827
Lorde,Homemade Dynamite - REMIX,5761830
Bruno Mars,Versace On The Floor,5752675
Bobby Helms,Jingle Bell Rock,5751565
Rita Ora,Anywhere,5721894
Jonas Blue,By Your Side,5707783
Big Sean,Pull Up N Wreck (& Metro Boomin),5704578
22 Savage,The Race,5691910
Lil Uzi Vert,For Real,5672275
DJ Khaled,Don't Quit,5640296
Mustard,Want Her,5604489
Linkin Park,In The End,5593134
The Weeknd,Secrets,5587057
R3HAB,I Just Can't,5565868
Lil Uzi Vert,Two®,5475481
Lana Del Rey,Summer Bummer (feat. A$AP Rocky & Playboi Carti),5350292
Big Sean,Owe Me,5349983
Kygo,Kids in Love,5336676
Rae Sremmurd,No Type,5313677
Chris Young,Losing Sleep,5296888
Meek Mill,Whatever You Need (feat. Chris Brown & Ty Dolla $ign),5283971
Bryson Tiller,Let Me Explain,5280568
Pentatonix,"Mary, Did You Know?",5266197
JAY Z,Ni**as In Paris,5261148
The Weeknd,Reminder - Remix,5260581
Lorde,Liability,5223053
Huncho Jack,Motorcycle Patches,5210708
Chucho Flash,Tu Sabes Que Te Quiero,5186043
XXXTENTACION,Dead Inside (Interlude),5100805
Justin Bieber,Sorry,5082399
Big Sean,Living Single,5067021
Lana Del Rey,Lust for Life (with The Weeknd),5041913
James Bay,Let It Go,4940852
Eminem,Believe,4857849
Jason Derulo,If I'm Lucky,4856244
J. Cole,Change,4855312
The Weeknd,Rockin’,4844165
Future,Sorry,4834360
Marc E. Bassy,You & Me,4796598
Lorde,Perfect Places,4755382
Maluma,Corazón,4730956
Big Sean,So Good (& Metro Boomin),4696982
Rick Ross,Trap Trap Trap,4694485
YoungBoy Never Broke Again,No Smoke,4676442
Desiigner,Tiimmy Turner,4606375
Lil Uzi Vert,No Sleep Leak,4595897
Kendrick Lamar,All The Stars (with SZA),4565789
Calvin Harris,My Way,4553649
A$AP Mob,Crazy Brazy,4540489
Linkin Park,Numb,4438401
Alan Walker,All Falls Down,4432665
Sam Smith,Burning,4420071
Logic,Killing Spree,4405396
Offset,Nightmare,4373968
Chance The Rapper,Smoke Break (feat. Future),4340614
21 Savage,Bad Business,4312428
Harry Styles,Carolina,4293983
Migos,Brown Paper Bag,4291832
DRAM,Cash Machine,4267624
Flume,Say It (feat. Tove Lo),4228138
Kodak Black,Conscience (feat. Future),4203717
21 Savage,Mad Stalkers,4197020
Zac Efron,Rewrite The Stars,4193975
Sia,The Greatest,4184547
Future,Extra Luv,4179709
Lil Uzi Vert,20 Min,4171730
Lil Uzi Vert,Feelings Mutual,4092741
NexXthursday,Sway (feat. Quavo & Lil Yachty),4088511
The Killers,Mr. Brightside,4079459
Logic,Take It Back,4068346
Future,Super Trapper,4060572
Becky G,Mayores,4060017
MiC LOWRY,Oh Lord,4047096
Frank Sinatra,Mistletoe And Holly - 1999 - Remaster,4041953
Big Sean,Voices In My Head/Stick To The Plan,4033201
Dua Lipa,IDGAF,4010068
21 Savage,Disrespectful,4009692
Taylor Swift,I Did Something Bad,3959397
ZAYN,PILLOWTALK,3950976
Huncho Jack,Huncho Jack,3939085
Halsey,Strangers,3932158
Kesha,Learn To Let Go,3929944
French Montana,A Lie,3872078
Thomas Rhett,Star Of The Show,3829685
Russell Dickerson,Yours,3793073
Chris Jeday,Ahora Dice,3784102
Keala Settle,This Is Me,3760676
Yo Gotti,Castro,3756215
Diplo,Get It Right (feat. MØ),3728865
Justin Timberlake,Filthy,3724604
Hugh Jackman,The Greatest Show,3720354
NAV,A$AP Ferg,3687973
21 Savage,Famous,3679345
Eminem,Untouchable,3671442
The Weeknd,All I Know,3642697
Migos,Culture (feat. DJ Khaled),3635123
Dylan Scott,My Girl,3571780
Big Sean,Bigger Than Me,3568957
Ozuna,La Modelo,3532935
Childish Gambino,V. 3005,3518595
Dean Martin,"Baby, It's Cold Outside",3518299
Ty Dolla $ign,Love U Better (feat. Lil Wayne & The-Dream),3515640
Sam Smith,Say It First,3496085
Harry Styles,Kiwi,3490206
Bing Crosby,Do You Hear What I Hear?,3483174
G-Eazy,The Beautiful & Damned,3479975
Logic,Confess,3445235
Chance The Rapper,Angels (feat. Saba),3437660
XXXTENTACION,Ayala (Outro),3427405
Kygo,Stranger Things,3419542
Desiigner,Up,3402417
Taylor Swift,Don’t Blame Me,3398933
Thurl Ravenscroft,"You're A Mean One, Mr. Grinch - From Dr. Seuss' 'How The Grinch Stole Christmas'",3368243
Sam Smith,One Last Song,3362441
Lil Uzi Vert,Pretty Mami,3346647
Anitta,Downtown,3323261
Future,Zoom,3271698
Lil Pump,Molly,3268192
The Chainsmokers,Don't Say,3267943
Big Sean,Light,3245629
Gorillaz,Saturnz Barz (feat. Popcaan),3239350
Loren Allred,Never Enough,3220516
Bing Crosby,Mele Kalikimaka - Single Version,3220374
Kevin Gates,Really Really,3190477
Bryson Tiller,Somethin Tells Me,3183468
Future,Use Me,3177823
"Tyler, The Creator",Boredom,3151849
Future,Incredible,3122225
Carpenters,Sleigh Ride,3121155
Michael Bublé,Holly Jolly Christmas,3103406
The Chainsmokers,My Type,3062084
Harry Styles,Meet Me in the Hallway,2998998
Ziv Zaifman,A Million Dreams,2992950
Logic,America,2991432
Nat King Cole,Joy To The World,2986306
Dua Lipa,Be The One,2965518
SZA,The Weekend - Funk Wav Remix,2963663
The Chainsmokers,Bloodstream,2960650
Huncho Jack,Saint Laurent Mask,2944481
Harry Styles,Two Ghosts,2943135
Frank Sinatra,The First Noel - 1999 - Remaster,2943117
Harry Styles,Woman,2937222
Kesha,Woman,2900060
Lil Skies,Nowadays (feat. Landon Cube),2879314
Logic,Hallelujah,2839038
The Weeknd,False Alarm,2836361
Joey Bada$$,TEMPTATION,2822972
2 Chainz,Trap Check,2812496
Logic,Ink Blot,2782844
Nevada,The Mack,2747924
Gorillaz,Ascension (feat. Vince Staples),2746546
Lil Uzi Vert,"Go Off (with Lil Uzi Vert, Quavo & Travis Scott)",2733681
G-Eazy,The Plan,2717142
Keith Urban,The Fighter,2713865
J. Cole,High For Hours,2700967
Future,High Demand,2699938
Hugh Jackman,The Other Side,2671978
The Weeknd,Attention,2665933
French Montana,Bring Dem Things,2636210
Harry Styles,Ever Since New York,2620824
Lorde,Sober,2609314
Logic,Anziety,2608884
Gorillaz,Andromeda (feat. DRAM),2601049
Tory Lanez,Real Thing (feat. Future),2582189
Eminem,Like Home (feat. Alicia Keys),2577891
J. Cole,She's Mine Pt. 1,2569455
Lil Pump,Designer,2559598
Trouble,Bring It Back (with Drake & Mike WiLL Made-It),2549468
Huncho Jack,Go,2549149
21 Savage,Run Up the Racks,2543477
Zedd,Stay,2528864
Tom Petty,Free Fallin',2521644
Halsey,Eyes Closed,2520803
Sam Smith,Nothing Left For You,2517602
Lil Uzi Vert,How To Talk,2514306
Migos,What The Price,2513670
Sam Smith,No Peace,2504528
Bryson Tiller,Self-Made,2482859
Future,No Cap,2482260
Lorde,The Louvre,2472646
Huncho Jack,Moon Rock,2469718
Future,Good Dope,2440684
Eminem,Remind Me,2431311
Huncho Jack,How U Feel,2418718
The Chainsmokers,Last Day Alive,2415311
Calvin Harris,Prayers Up,2415121
Lorde,Supercut,2411725
The Chainsmokers,Honest,2405772
Future,POA,2399986
blackbear,Idfc,2382779
Future,My Collection,2380327
J. Cole,4 Your Eyez Only,2374183
21 Savage,FaceTime,2369021
Sam Smith,Midnight Train,2364087
21 Savage,Still Serving,2327645
Sam Smith,Have Yourself A Merry Little Christmas,2327611
Eminem,Bad Husband (feat. X Ambassadors),2302994
Lana Del Rey,Lust For Life (with The Weeknd),2301101
Migos,Danger (with Migos & Marshmello),2295166
21 Savage,Close My Eyes,2282689
NAV,Call Me,2267108
Frank Ocean,Biking,2266989
Ty Dolla $ign,Darkside (with Ty Dolla $ign & Future feat. Kiiara),2265762
Nick Jonas,"Bom Bidi Bom - From ""Fifty Shades Darker (Original Motion Picture Soundtrack)""",2258916
Wale,Colombia Heights (Te Llamo) [feat. J Balvin],2251932
Big Sean,Same Time Pt. 1,2246489
Khalid,American Teen,2238657
Future,You Da Baddest,2215895
Gucci Mane,Stunting Ain't Nuthin (feat. Slim Jxmmi & Young Dolph),2180560
Machine Gun Kelly,Bad Things - With Camila Cabello,2179588
Huncho Jack,Where U From,2161589
The Chainsmokers,Young,2155673
Future,PIE,2149779
Eminem,Chloraseptic (feat. Phresher),2149075
Big Sean,Sunday Morning Jetpack,2141733
Sam Smith,Stay With Me,2137381
Nicki Minaj,Black Barbies,2124725
Linkin Park,What I've Done,2123667
Future,Might as Well,2115221
Logic,AfricAryaN,2098893
Sam Smith,HIM,2096196
Lil Peep,Benz Truck - гелик,2088883
XXXTENTACION,The Explanation,2087471
"Tyler, The Creator",I Ain't Got Time!,2084318
2 Chainz,OG Kush Diet,2083806
"Tyler, The Creator",Where This Flower Blooms,2075616
21 Savage,Darth Vader,2064672
Future,4 da Gang,2059361
Michael Jackson,Thriller,2056841
Future,Lookin Exotic,2051009
Eminem,Nowhere Fast (feat. Kehlani),2044561
Thomas Rhett,Leave Right Now,2044208
Migos,All Ass,2040233
Logic,Mos Definitely,2026877
Bryson Tiller,Stay Blessed,2020477
Harry Styles,Only Angel,2019487
Migos,Out Yo Way,2015378
X Ambassadors,Unsteady,2011650
The Chainsmokers,It Won't Kill Ya,1991273
Lil Uzi Vert,Malfunction,1967727
Miley Cyrus,Rockin' Around The Christmas Tree - Recorded at Spotify Studios NYC,1963574
Eminem,Tragic Endings (feat. Skylar Grey),1963001
Big Sean,Inspire Me,1950632
Meek Mill,1942 Flows,1950011
Taylor Swift,Shake It Off,1943903
Calvin Harris,Faking It,1942606
Lil Uzi Vert,Early 20 Rager,1940769
SZA,Doves In The Wind,1939410
Bryson Tiller,Don't Get Too High,1924704
The Chainsmokers,Wake Up Alone,1920181
Metro Boomin,Blue Pill,1919955
Kesha,Hymn,1913626
Imagine Dragons,Walking The Wire,1908106
J. Cole,Ville Mentality,1904885
Nause,Dynamite (feat. Pretty Sister),1882900
James Arthur,Naked,1882389
Migos,Deadz (feat. 2 Chainz),1880899
Sam Smith,"Baby, You Make Me Crazy",1832006
Bing Crosby,The Little Drummer Boy,1827493
Drake,Childs Play,1806446
MadeinTYO,Uber Everywhere,1797117
Lorde,Hard Feelings/Loveless,1785354
Lana Del Rey,Groupie Love (feat. A$AP Rocky),1782427
NAV,Minute,1773603
"Tyler, The Creator",Foreword,1770722
Future,All da Smoke,1767322
Michael Bublé,White Christmas (Duet With Shania Twain),1761297
J. Cole,For Whom The Bell Tolls,1761226
Taylor Swift,Blank Space,1758336
Hugh Jackman,Come Alive,1753701
Big Sean,Big Bidness (& Metro Boomin),1728546
Frank Ocean,Provider,1726576
Harry Styles,From the Dining Table,1726096
Calvin Harris,Cash Out,1720966
Lil Peep,Awful Things,1716715
Katy Perry,Bon appétit,1712700
Walker Hayes,You Broke Up with Me,1708031
"Tyler, The Creator",Pothole,1700382
Major Lazer,Light It Up (feat. Nyla & Fuse ODG) - Remix,1698000
Future,F*ck Up Some Commas,1692309
Thomas Rhett,Life Changes,1681601
Hugh Jackman,From Now On,1676316
21 Savage,Baby Girl,1671227
Taylor Swift,Getaway Car,1661297
Migos,Big On Big,1656914
Tom Petty,I Won't Back Down,1649940
21 Savage,Thug Life,1646087
Gucci Mane,Dance With The Devil,1630375
"Tyler, The Creator",Garden Shed,1629901
Lil Pump,Back (feat. Lil Yachty),1622887
Matt Terry,Sucker for You,1617617
Natti Natasha,Criminal,1617522
BTS,Best Of Me,1601958
Michael Bublé,Jingle Bells (feat. The Puppini Sisters),1599843
Lorde,Writer In The Dark,1596642
Big Sean,Who's Stopping Me (& Metro Boomin),1592212
Lil Skies,Red Roses (feat. Landon Cube),1587718
Cole Swindell,Flatliner (feat. Dierks Bentley),1585689
David Guetta,Dirty Sexy Money (feat. Charli XCX & French Montana),1583466
Sam Smith,Palace,1576108
Future,Outta Time,1572608
Jaden Smith,Breakfast (feat. A$AP Rocky),1568999
"Tyler, The Creator",Droppin' Seeds,1566929
Lil Yachty,X Men,1563944
Lorde,Sober II (Melodrama),1563455
Future,Scrape,1558603
2 Chainz,Blue Cheese,1557075
Fifth Harmony,He Like That,1554938
Nicky Jam,El Amante,1552509
Kid Cudi,Baptized In Fire,1546882
Miguel,Pineapple Skies,1546261
Charli XCX,Boys,1545259
Sam Smith,The Thrill Of It All,1545247
Lana Del Rey,13 Beaches,1540815
Sam Smith,Scars,1537230
Jason Aldean,Any Ol' Barstool,1532266
Imagine Dragons,I Don’t Know Why,1529251
Bryson Tiller,Get Mine,1526017
Vince Staples,Big Fish,1525880
Eminem,Offended,1523947
Ariana Grande,美女と野獣,1515427
Michelle Williams,Tightrope,1515363
Kehlani,CRZY,1492456
Eminem,Framed,1478936
Young Thug,Cruise Ship,1477620
Quality Control,My Dawg,1468643
2 Chainz,Big Amount,1464782
Future,Poppin' Tags,1464579
Miley Cyrus,Younger Now,1462785
Bryson Tiller,No Longer Friends,1451587
YBN Nahmir,Rubbin off the Paint,1445328
Tory Lanez,Shooters,1445025
London On Da Track,No Flag,1441294
Adele,Hello,1439185
Eminem,Castle,1425833
Tom Petty and the Heartbreakers,American Girl,1407751
GoldLink,Crew REMIX,1397065
"Tyler, The Creator",Glitter,1394757
Future,Solo,1394196
Khalid,Shot Down,1391723
Wiz Khalifa,Letterman,1386197
Lana Del Rey,Cherry,1384345
Taylor Swift,This Is Why We Can’t Have Nice Things,1380784
"Tyler, The Creator",Sometimes...,1378752
blackbear,make daddy proud,1377271
Chris Stapleton,Either Way,1376482
Carpenters,Merry Christmas Darling - Album Version/Remix,1376295
Future,Feds Did a Sweep,1375026
Gucci Mane,Enormous (feat. Ty Dolla $ign),1368647
Future,Damage,1367227
John Mayer,Love on the Weekend,1366207
Brantley Gilbert,The Weekend,1363771
Ty Dolla $ign,Don't Judge Me (feat. Future and Swae Lee),1357193
BTS,Go Go,1356962
Liam Payne,For You (Fifty Shades Freed),1355466
"Ray Parker, Jr.",Ghostbusters,1349474
Eminem,In Your Head,1348416
Eminem,Arose,1333717
J. Cole,everybody dies,1328593
Future,Three,1326646
Taylor Swift,Dress,1326554
SZA,Broken Clocks,1324581
Taylor Swift,New Year’s Day,1324496
A$AP Ferg,Work REMIX,1324277
Andy Williams,Sleigh Ride,1323588
Linkin Park,One Step Closer,1323333
Paramore,Told You So,1321804
John Mayer,Moving On and Getting Over,1317742
Carpenters,Silent Night,1314362
Taylor Swift,King Of My Heart,1312488
Nat King Cole Trio,All I Want For Christmas (Is My Two Front Teeth) - 1990 - Remaster,1303700
Kay Starr,The Man With The Bag,1296403
PnB Rock,Lovin' (feat. A Boogie Wit da Hoodie),1293472
"Tyler, The Creator",November,1289051
DRAM,ILL NANA (feat. Trippie Redd),1287053
The Jackson 5,Santa Claus Is Coming To Town,1283367
JAY Z,Numb / Encore,1280271
Meek Mill,Fuck That Check Up (feat. Lil Uzi Vert),1277999
Coldplay,Hymn For The Weekend - Seeb Remix,1275770
Daniel Caesar,Get You (feat. Kali Uchis),1270493
Gucci Mane,Make Love,1262171
21 Savage,Nothin New,1246018
Wiz Khalifa,Something New (feat. Ty Dolla $ign),1244282
DJ Snake,Middle,1243317
Trippie Redd,Poles 1469,1235405
Taylor Swift,Wildest Dreams,1227072
Kehlani,Distraction,1224858
DJ Khaled,On Everything,1220922
Future,Fresh Air,1217976
Ty Dolla $ign,Ex (feat. YG),1213442
Kodak Black,Built My Legacy (feat. Offset),1209031
Tom Petty and the Heartbreakers,Mary Jane's Last Dance,1207899
Sam Smith,One Day At A Time,1205770
Big Sean,Intro,1200822
James Hersey,Miss You,1195087
21 Savage,Dead People,1193833
Chris Brown,High End,1189526
Future,200,1184623
Eminem,Revival (Interlude),1183384
Tyga,Feel Me,1182178
Beyoncé,Halo,1181149
Kris Wu,Deserve (feat. Travis Scott),1181075
Future,Drip on Me,1179938
21 Savage,Whole Lot,1168201
Halsey,Not Afraid Anymore,1159247
Niall Horan,Seeing Blind,1158075
Thomas Rhett,Sixteen,1157081
Eminem,Heat,1151733
Gorillaz,Let Me Out (feat. Mavis Staples & Pusha T),1139026
Tom Petty,Runnin' Down A Dream,1134466
PnB Rock,Misunderstood,1133846
Soundgarden,Black Hole Sun,1126431
Imagine Dragons,Start Over,1125659
Young Thug,Killed Before,1110354
Eminem,Need Me (feat. Pink),1107755
Linkin Park,One More Light,1102321
Ugly God,Stop Smoking Black & Milds,1102115
Taylor Swift,So It Goes...,1094539
Sam Hunt,Drinkin' Too Much,1084889
Drake,All Me,1083519
John Mayer,Changing,1083330
*NSYNC,"Merry Christmas, Happy Holidays",1081292
Taylor Swift,Dancing With Our Hands Tied,1073045
Bryson Tiller,Blowing Smoke,1069687
Lana Del Rey,In My Feelings,1069686
Fall Out Boy,Young And Menace,1065665
Marvin Gaye,Ain't No Mountain High Enough,1057314
SZA,Supermodel,1048848
State of Sound,Wake Up Where You Are,1044616
Imagine Dragons,I’ll Make It Up To You,1042700
Steve Aoki,All Night,1041886
Future,Testify,1041223
Chris Rea,Driving Home For Christmas,1040360
Little Big Town,Better Man,1038689
Joey Bada$$,ROCKABYE BABY (feat. ScHoolboy Q),1036200
The Pogues,Fairytale of New York (feat. Kirsty MacColl),1035213
Aminé,Spice Girl,1031727
Linkin Park,Crawling,1030011
Gorillaz,Submission (feat. Danny Brown & Kelela),1024517
GASHI,Disrespectful,1023769
Lil Uzi Vert,Skir Skirr,1017714
Big Sean,Savage Time (& Metro Boomin),1017576
Nat King Cole,The Happiest Christmas Tree,1011388
Bing Crosby,I'll Be Home For Christmas - Single Version,1002220
The xx,On Hold,1000295
Imagine Dragons,Rise Up,999687
21 Savage,Money Convo,996283
Flo Rida,My House,992972
21 Savage,7 Min Freestyle,990399
A$AP Rocky,F**kin' Problems,987827
Lil Pump,Iced Out (feat. 2 Chainz),973317
Lou Monte,Dominick The Donkey (The Italian Christmas Donkey) [With Joe Reisman's Orchestra and Chorus],972418
Taylor Swift,Bad Blood,970341
Perry Como,Here We Come a-Caroling / We Wish You a Merry Christmas,968388
Miguel,Come Through and Chill,968314
2 Chainz,Realize,965930
Chad Focus,"Get to the Money (feat. Troyse, Cito G & Flames)",965515
Future,Hallucinating,961759
Roy Woods,Instinct (feat. MadeinTYO),960003
DJ Khaled,Iced Out My Arms,954135
La La Land Cast,"Another Day Of Sun - From ""La La Land"" Soundtrack",946291
The Jackson 5,I Want You Back,935119
PARTYNEXTDOOR,Not Nice,925307
BTS,dimple,920484
Tom Petty and the Heartbreakers,Breakdown,917978
G-Eazy,Pray For Me,917383
Gorillaz,Momentz (feat. De La Soul),912786
Miley Cyrus,Party In The U.S.A.,912358
Lana Del Rey,Beautiful People Beautiful Problems (feat. Stevie Nicks),911867
Camila Cabello,Never Be the Same - Radio Edit,906522
Tory Lanez,LUV,906430
Young Thug,"Gang Up (with Young Thug, 2 Chainz & Wiz Khalifa feat. PnB Rock)",906312
Rick Ross,Dead Presidents,903359
Chad Focus,Get to the Money,900933
G-Eazy,But A Dream,899011
Lil Pump,Crazy,898203
SZA,Drew Barrymore,893973
BTS,Intro: Serendipity,892805
Foster The People,Pumped Up Kicks,892372
Lana Del Rey,White Mustang,891386
Future,Real Love,889885
BTS,Pied Piper,876050
Logic,Waiting Room,872859
"Bobby ""Boris"" Pickett & The Crypt-Kickers",Monster Mash,867330
Drake,Headlines,864003
Hozier,Take Me To Church,857675
Vince Staples,Yeah Right,857546
Bryson Tiller,We Both Know,854725
Brett Eldredge,Somethin' I'm Good At,836278
Enrique Iglesias,SUBEME LA RADIO,835816
Kelly Clarkson,Underneath the Tree,834681
Brett Eldredge,Wanna Be That Song,834486
Bryson Tiller,You Got It,833033
Huncho Jack,Best Man,832129
Kodak Black,Day For Day,828324
Ty Dolla $ign,Don't Sleep On Me (feat. Future and 24hrs),827634
Sia,Santa's Coming For Us,827417
R. Kelly,Ignition - Remix,823117
Michael Jackson,Billie Jean,822887
Linkin Park,Papercut,819045
Daryl Hall & John Oates,You Make My Dreams - Remastered,818406
Taylor Swift,Style,807200
Gryffin,Feel Good (feat. Daya),805016
Future,When I Was Broke,804445
Linkin Park,Somewhere I Belong,802983
Charlie Puth,How Long (feat. French Montana) - Remix,801879
Bryson Tiller,In Check,798761
Baka Not Nice,Live Up To My Name,790157
Linkin Park,Faint,789746
Lil Yachty,Harley,783251
Chance The Rapper,Blessings,779328
Meek Mill,Wins & Losses,778972
Lorde,Liability (Reprise),773946
Bryson Tiller,High Stakes,772997
Russ,Cherry Hill,770366
Linkin Park,Bleed It Out,769588
Chance The Rapper,Summer Friends (feat. Jeremih & Francis & The Lights),766775
Gucci Mane,Work In Progress (Intro),766473
J. Cole,Foldin Clothes,760692
Bing Crosby,What Child Is This?/The Holly And The Ivy (Medley),758871
Chris Lane,Take Back Home Girl (Feat. Tori Kelly),756739
WizKid,Come Closer,754675
Nicki Minaj,Changed It,753901
Perry Como,"Medley: Caroling, Caroling / The First Noel / Hark! The Herald Angels Sing / Silent Night",746213
"Earth, Wind & Fire",September,745118
Coldplay,Miracles (Someone Special),742821
Tom Petty and the Heartbreakers,Learning To Fly,737783
Gucci Mane,Miss My Woe (feat. Rico Love),732801
21 Savage,Special,732524
Meek Mill,Issues,731543
Bing Crosby,Hark! The Herald Angels Sing/It Came Upon A Midnight Clear (Medley) - 24-Bit Digitally Remastered 99,728437
Gucci Mane,Money Make Ya Handsome,722340
Bing Crosby,God Rest Ye Merry Gentlemen - Single Version,721880
Tony Bennett,O Christmas Tree,719308
Maroon 5,Whiskey (feat. A$AP Rocky),716781
Ryan Gosling,"City Of Stars - From ""La La Land"" Soundtrack",712413
Electric Light Orchestra,Mr. Blue Sky,711851
Ed Sheeran,The A Team,707515
Linkin Park,Battle Symphony,702771
DMX,Rudolph the Rednose Reindeer,701454
Maroon 5,What Lovers Do,696968
Drake,Legend,691590
Bing Crosby,Twelve Days Of Christmas - Single Version,689955
YFN Lucci,Everyday We Lit (Remix),686049
DJ Khaled,I Love You so Much,685850
John Denver,We Wish You A Merry Christmas,685841
Migos,Dab of Ranch - Recorded at Spotify Studios NYC,685767
Peggy Lee,The Christmas Waltz,685048
Kesha,Rainbow,684884
Thirty Seconds To Mars,Walk On Water,684269
G-Eazy,Legend,683055
The Platters,Christmas Time,678635
Elvis Presley,O Little Town of Bethlehem,678493
Calvin Harris,Holiday,678050
Macklemore & Ryan Lewis,Can't Hold Us - feat. Ray Dalton,672741
Nat King Cole,O Tannenbaum,671170
ODESZA,Falls (feat. Sasha Sloan),666714
Drake,0 To 100 / The Catch Up,665904
Tom Petty,You Don't Know How It Feels,658237
Stevie Wonder,Superstition - Single Version,653078
Wale,"My Love (feat. Major Lazer, WizKid, Dua Lipa)",645565
Calvin Harris,Skrt On Me,644234
Bing Crosby,Let's Start The New Year Off Right,638373
Bryson Tiller,Rain On Me (Intro),637400
Audioslave,Like a Stone,630427
OutKast,Hey Ya! - Radio Mix / Club Mix,629734
BTS,MIC Drop,628638
Kehlani,Do U Dirty,623573
Fetty Wap,679 (feat. Remy Boyz),623512
Lil Peep,Beamer Boy,613271
The xx,Say Something Loving,610290
Tom Petty,You Wreck Me,609787
Kodak Black,Coolin and Booted,609592
Tom Petty,Wildflowers,607754
Michael Bublé,Cold December Night,602406
Daryl Hall & John Oates,Rich Girl,600955
Tom Petty and the Heartbreakers,Don't Do Me Like That,597084
Paramore,Forgiveness,594317
A Boogie Wit da Hoodie,No Comparison,592045
A$AP Mob,Please Shut Up,584499
Gorillaz,Strobelite (feat. Peven Everett),582549
Chris Brown,Privacy,580408
Shaggy,It Wasn't Me,578284
Future,Keep Quiet,573354
DNCE,Cake By The Ocean,572896
Van Morrison,Brown Eyed Girl,571500
Lil Pump,What U Sayin' (feat. Smokepurpp),567555
Fetty Wap,Trap Queen,567344
Big Sean,Even The Odds (& Metro Boomin),565602
John Mayer,You're Gonna Live Forever in Me,564266
Coldplay,Christmas Lights,564011
Gucci Mane,Mall,562617
Michael Bublé,All I Want For Christmas Is You,561927
Drake,"Two Birds, One Stone",560557
Big Sean,In Tune (& Metro Boomin),559954
G-Eazy,Love Is Gone,556210
Smokepurpp,OK (feat. Lil Pump),554489
Linkin Park,Good Goodbye (feat. Pusha T and Stormzy),551879
DRAM,Gilligan,551867
Rich Brian,Gospel,551774
Quality Control,Too Hotty,549078
Kesha,Let 'Em Talk,546259
HAIM,Want You Back,546241
Demi Lovato,I'll Be Home For Christmas - Recorded at Spotify Studios NYC,545886
Gucci Mane,Peepin out the Blinds,545388
Bruce Springsteen,Santa Claus Is Comin' to Town - Single Version,544224
Blue Öyster Cult,(Don't Fear) The Reaper,543066
Britney Spears,My Only Wish (This Year),541641
Sam Smith,"River - Recorded At RAK Studios, London",540859
Queen,Bohemian Rhapsody - Remastered 2011,540735
Bryson Tiller,Teach Me a Lesson,539402
Panic! At The Disco,I Write Sins Not Tragedies,532228
Halsey,Alone,528420
Chance The Rapper,Mixtape (feat. Young Thug & Lil Yachty),526977
A$AP Mob,Perry Aye,526768
The Ronettes,Sleigh Ride,526083
Linkin Park,Breaking The Habit,525871
Adele,Make You Feel My Love,518321
Gucci Mane,Rich Ass Junkie,515031
Bryson Tiller,Set It Off,512343
Bryson Tiller,Money Problems / Benz Truck,507414
Big Sean,Reason (& Metro Boomin),506580
Prince,Purple Rain,505635
Future,Massage In My Room,505312
Thomas Rhett,Grave,501788
Jax Jones,Instruction (feat. Demi Lovato & Stefflon Don),501559
Future,Flip,500784
Gorillaz,Charger (feat. Grace Jones),498332
Lil Pump,Youngest Flexer (feat. Gucci Mane),497504
Meghan Trainor,I'll Be Home,494785
Rick Ross,I Think She Like Me,493670
A$AP Mob,Walk On Water,492000
DJ Khaled,I Can't Even Lie,486907
DJ Khaled,Down for Life,478296
DJ Khaled,It's Secured,475642
Marc E. Bassy,Plot Twist,472256
Gene Autry,Rudolph the Red-Nosed Reindeer,472132
Joey Bada$$,FOR MY PEOPLE,471463
Future,Mink Flow,467193
Gorillaz,Busted and Blue,466996
John Mayer,Helpless,463574
A$AP Mob,Blowin' Minds (Skateboard),462418
A$AP Mob,Feels So Good,461393
Coldplay,Hypnotised,460682
Joey Bada$$,LAND OF THE FREE,460091
DJ Khaled,Major Bag Alert,459953
Linkin Park,Sorry for Now,458504
Paramore,Rose-Colored Boy,456917
Coldplay,All I Can Think About Is You,456614
Soundgarden,Fell On Black Days,455864
Joey Bada$$,"RING THE ALARM (feat. Nyck Caution, Kirk Knight & Meechy Darko)",451540
Fifth Harmony,Angel,448701
Bryson Tiller,Rain Interlude,448229
Lil Peep,U Said,447670
Bryson Tiller,Before You Judge,445084
Lynyrd Skynyrd,Sweet Home Alabama,442786
Future,Neva Missa Lost,438681
2Pac,Ambitionz Az A Ridah,438159
Niall Horan,On The Loose,432190
"Tyler, The Creator","Enjoy Right Now, Today",431846
2 Chainz,Saturday Night,431677
The Notorious B.I.G.,Juicy,431546
Lady Gaga,Poker Face,428054
A$AP Mob,Frat Rules,427135
Luke Bryan,Light It Up,426007
French Montana,Jump,423819
Bryson Tiller,Nevermind This Interlude,421880
M.I.A.,Paper Planes,420988
Audioslave,Show Me How to Live,420167
Chris Stapleton,Broken Halos,419998
John Legend,All of Me,418803
Lady Gaga,Bad Romance,416397
Kendrick Lamar,Money Trees,416120
Meek Mill,We Ball (feat. Young Thug),416075
J. Cole,She's Mine Pt. 2,414147
2 Chainz,Riverdale Rd,412484
Lana Del Rey,Coachella - Woodstock In My Mind,408262
Snoop Dogg,"Young, Wild & Free (feat. Bruno Mars) - feat. Bruno Mars",406865
Kehlani,Escape,405351
The Weeknd,Ordinary Life,405221
Gorillaz,We Got The Power (feat. Jehnny Beth),404473
Tom Petty and the Heartbreakers,Refugee,403155
NAV,Perfect Timing (Intro),403088
Rockwell,Somebody's Watching Me - Single Version,402811
Future,Turn On Me,402361
Young Thug,Family Don't Matter (feat. Millie Go Lightly),401774
The xx,I Dare You,398777
P!nk,Beautiful Trauma,397629
Lil Peep,The Brightside,397202
Calvin Harris,Hard to Love,397190
Lana Del Rey,Tomorrow Never Came (feat. Sean Ono Lennon),394633
NAV,Both Sides,394261
Tory Lanez,Skrt Skrt,392587
Lil Pump,Ok,391402
Lana Del Rey,God Bless America - And All The Beautiful Women In It,389864
The xx,Dangerous,389117
Queen,Don't Stop Me Now - Remastered,388609
Jay Critch,Fashion (feat. Rich The Kid),388154
blackbear,anxiety (with FRND),387946
Ugly God,No Lies (feat. Wiz Khalifa),385816
Bee Gees,"Stayin' Alive - From ""Saturday Night Fever"" Soundtrack",384705
Daddy Yankee,Vuelve,381865
Aretha Franklin,Respect,380554
The Beatles,Twist And Shout - Remastered 2009,380372
Future,I Thank U,380025
Kendrick Lamar,A.D.H.D,379362
Lana Del Rey,Heroin,377931
Devin Dawson,All On Me,377850
Ugly God,Welcome To The Booty Tape,376664
2 Chainz,Poor Fool,375587
Taylor Swift,Love Story,369874
Imagine Dragons,Yesterday,369733
Rick Ross,Idols Become Rivals,369494
Future,New Illuminati,365011
AC/DC,You Shook Me All Night Long,364887
Taylor Swift,You Belong With Me,364581
Disney Characters,This Is Halloween,364572
Imagine Dragons,Mouth Of The River,362627
Passenger,Let Her Go,362173
Starley,Call on Me - Ryan Riback Remix,361891
Stevie Wonder,"Signed, Sealed, Delivered (I'm Yours)",361050
Kane Brown,Heaven,360835
Jeezy,"American Dream (feat. J.Cole, Kendrick Lamar)",353941
A$AP Ferg,Nasty (Who Dat),353540
Gucci Mane,Both Eyes Closed (feat. 2 Chainz and Young Dolph),351156
Oasis,Wonderwall - Remastered,350935
Halsey,Sorry,347827
AC/DC,Highway to Hell,343613
The Clash,Should I Stay or Should I Go - Remastered,342351
Ugly God,Fuck Ugly God,340719
Tom Petty and the Heartbreakers,Listen To Her Heart,339523
Tom Petty,Time To Move On,338190
Dierks Bentley,Black,334230
Rick Ross,Apple of My Eye,327349
Linkin Park,Leave Out All The Rest,321479
Kelly Clarkson,Love So Soft,317868
Linkin Park,BURN IT DOWN,314406
blackbear,playboy shit (feat. lil aaron),313085
Tove Lo,Disco Tits,308874
David Guetta,Light My Body Up (feat. Nicki Minaj & Lil Wayne),307977
Bonnie Tyler,Total Eclipse of The Heart,302026
Frank Sinatra,Jingle Bells - 1999 - Remaster,301901
Lin-Manuel Miranda,Almost Like Praying (feat. Artists for Puerto Rico),299656
N.E.R.D,Don't Don't Do It!,297446
Kehlani,Undercover,296503
Tom Petty and the Heartbreakers,The Waiting,292894
Lil Pump,Smoke My Dope (feat. Smokepurpp),292626
Tom Petty and the Heartbreakers,Here Comes My Girl,289798
Miley Cyrus,I Would Die For You,288185
P!nk,For Now,286154
Demi Lovato,Ruin The Friendship,285168
Vince Guaraldi Trio,Linus And Lucy,284504
Lil Yachty,Better,283418
Linkin Park,Nobody Can Save Me,282439
Stevie Wonder,What Christmas Means To Me,282408
Marshmello,You & Me,281661
Vance Joy,Lay It On Me,281366
DJ Jazzy Jeff & The Fresh Prince,A Nightmare On My Street,280831
G-Eazy,Nothing Wrong,280177
Bruce Springsteen,Born In The U.S.A.,277905
ODESZA,Line Of Sight (feat. WYNNE & Mansionair),277587
The Killers,The Man,277422
Ty Dolla $ign,Lil Favorite (feat. MadeinTYO),276024
Linkin Park,A Place For My Head,275008
Linkin Park,Talking to Myself,274262
BROCKHAMPTON,BOOGIE,273795
Katy Perry,Pendulum,273753
Fall Out Boy,HOLD ME TIGHT OR DON’T,273388
Louis Tomlinson,Miss You,272073
Big Sean,I Don't Fuck With You,271967
Michael Bublé,Santa Claus Is Coming To Town,271768
Joey Bada$$,GOOD MORNING AMERIKKKA,271088
Tom Petty and the Heartbreakers,I Need To Know,270533
Rae Sremmurd,Look Alive,270233
Linkin Park,Points Of Authority,269994
Julia Michaels,Worst In Me,269151
Kygo,Riding Shotgun,268278
HAIM,Little Of Your Love - BloodPop® Remix,266945
Lil Pump,Whitney (feat. Chief Keef),266430
Dean Martin,Let It Snow! Let It Snow! Let It Snow!,265820
Ty Dolla $ign,So Am I (feat. Damian Marley & Skrillex),265297
ILoveMakonnen,Love (feat. Rae Sremmurd),264594
blackbear,bright pink tims (feat. Cam'ron),263767
Phoenix,J-Boy,262198
Lil Uzi Vert,Seven Million (feat. Future),261722
Tom Petty and the Heartbreakers,Into The Great Wide Open,260643
Soundgarden,Spoonman,260492
Imagine Dragons,Thunder / Young Dumb & Broke (with Khalid) - Medley,260348
Charlie Puth,If You Leave Me Now (feat. Boyz II Men),259702
Linkin Park,Shadow Of The Day,258981
Wiz Khalifa,Royal Highness (feat. Casey Veggies),257967
Lil Yachty,Like A Star,256234
Linkin Park,Lying From You,255550
6LACK,That Far,253347
Kevin Gates,What If,252844
Camila Cabello,I Have Questions,252100
Linkin Park,Runaway,251499
Joey Bada$$,LEGENDARY (feat. J. Cole),251440
Tom Petty and the Heartbreakers,Anything That's Rock 'N' Roll,250854
Nick Jonas,Remember I Told You,250315
Mobb Deep,"Shook Ones, Pt. II",250045
Foo Fighters,Arrows,248172
Ed Sheeran,...Baby One More Time - Recorded at Spotify Studios NYC,247148
DJ Khaled,Nobody,246981
Michael Bublé,Christmas (Baby Please Come Home),246564
Darlene Love,Christmas (Baby Please Come Home),245925
Morgan Wallen,Up Down (Feat. Florida Georgia Line),245789
Ed Sheeran,Shape of You (Major Lazer Remix) [feat. Nyla & Kranium],245670
Warren Zevon,Werewolves Of London - 2007 Remastered Version,243110
Michael Bublé,Have Yourself A Merry Little Christmas,242425
Michael Jackson,Thriller - 2003 Edit,241871
Lil Pump,At the Door,240730
Big Sean,"No Hearts, No Love (& Metro Boomin)",240555
Maren Morris,Dear Hate,240548
Tom Petty and the Heartbreakers,Don't Come Around Here No More,238799
Chris Brown,This Christmas,238127
Demi Lovato,You Don't Do It For Me Anymore,237230
Brett Eldredge,"Baby, It's Cold Outside (feat. Meghan Trainor)",236709
Linkin Park,From The Inside,236390
PARTYNEXTDOOR,Damage,235425
Tom Petty and the Heartbreakers,Even The Losers,235171
Ellie Goulding,"Love Me Like You Do - From ""Fifty Shades Of Grey""",235052
Glee Cast,Jingle Bell Rock (Glee Cast Version),233765
Kygo,This Town,233547
Pharrell Williams,"Happy - From ""Despicable Me 2""",233169
Tom Petty,It's Good To Be King,232905
Gorillaz,Carnival (feat. Anthony Hamilton),232798
Zac Brown Band,Chicken Fried,232053
A$AP Mob,Bahamas,230697
Fifth Harmony,"Can You See - Spotify Singles - Holiday, Recorded at Spotify Studios NYC",229276
blackbear,santa monica & la brea,229182
Mariah Carey,Christmas (Baby Please Come Home),228854
Gucci Mane,Back On,228284
Pentatonix,"O Come, All Ye Faithful",228020
HAIM,Kept Me Crying,227668
R3HAB,You Could Be,227222
Future,Group Home,226940
Gorillaz,She's My Collar (feat. Kali Uchis),226914
alt-J,In Cold Blood,226783
David Guetta,Titanium (feat. Sia),226512
Tom Petty and the Heartbreakers,You Got Lucky,226008
Lady Gaga,Perfect Illusion,224680
blackbear,top priority (with Ne-Yo),224615
John Mayer,In the Blood,223832
George Ezra,"White Christmas - Spotify Singles - Holiday, Recorded at Air Studios, London",223595
Linkin Park,Invisible,222346
blackbear,up in this (with Tinashe),222339
Lost Kings,First Love,222281
Lil Pump,Foreign,222020
A$AP Mob,Get The Bag,221410
Pentatonix,Dance of the Sugar Plum Fairy,221326
Glee Cast,"Baby, It's Cold Outside (Glee Cast Version)",221193
blackbear,hell is where i dreamt of u and woke up alone,220804
Gorillaz,"The Apprentice (feat. Rag'n'Bone Man, Zebra Katz & RAY BLK)",220430
Joji,Will He,219860
Gucci Mane,Dickriders,219806
Meek Mill,"That's My N**** (with Meek Mill, YG & Snoop Dogg)",218726
Francis and the Lights,Just for Us,218632
Beck,Up All Night,218038
Soundgarden,The Day I Tried To Live,217947
WALK THE MOON,One Foot,217921
Lil Yachty,Dirty Mouth,217797
X Ambassadors,Ahead Of Myself,217662
OneRepublic,Lift Me Up - Michael Brun Remix,217220
Bon Iver,Skinny Love,217118
Majid Jordan,Gave Your Love Away,216310
Miley Cyrus,Week Without You,216198
Tory Lanez,I Sip,215233
NF,10 Feet Down,215199
XXXTENTACION,Looking for a Star,215162
Joey Bada$$,SUPER PREDATOR (feat. Styles P),215071
Soundgarden,Rusty Cage,214917
The Killers,Run For Cover,214874
"Bobby ""Boris"" Pickett",Monster Mash,214616
T-Pain,Textin' My Ex,214450
Chris Brown,Only 4 Me,213998
Kelly Clarkson,Christmas Eve - Recorded at Spotify Studios NYC,213432
Maroon 5,She Will Be Loved - Radio Mix,213410
Young Thug,Liger,213185
Rich Brian,Crisis (feat. 21 Savage),211810
DJ Khaled,Pull a Caper,211568
Chris Cornell,The Promise,211539
Galantis,True Feeling,211539
Daryl Hall & John Oates,Jingle Bell Rock from Daryl,211384
Linkin Park,Don't Stay,211244
A$AP Mob,Black Card,210981
Linkin Park,My December,210841
Fall Out Boy,Champion,210734
Joey Bada$$,Y U DON'T LOVE ME? (MISS AMERIKKKA),210448
Lil Peep,Better Off - Dying,210121
Lady Gaga,Telephone,209865
A-Trak,Believe,209745
Gorillaz,Sex Murder Party (feat. Jamie Principle & Zebra Katz),209597
Wiz Khalifa,Figure It Out,209491
Snakehips,Either Way,209400
Thomas Rhett,When You Look Like That,209331
Young Dolph,Drippy,209249
DJ Khaled,(Intro) I'm so Grateful,208805
Vince Guaraldi Trio,O Tannenbaum,208446
Thomas Rhett,Drink A Little Beer,208332
Nick Jonas,Find You,207636
Christina Aguilera,Have Yourself a Merry Little Christmas,207635
Bryson Tiller,Always (Outro),207539
Red Hot Chili Peppers,Under The Bridge,207181
Temple Of The Dog,Hunger Strike,207132
Machine Gun Kelly,Go For Broke (feat. James Arthur),206985
Galantis,Girls On Boys,206875
Lana Del Rey,When The World Was At War We Kept Dancing,206708
Mike WiLL Made-It,On The Come Up (feat. Big Sean),206386
Kesha,Bastards,206166
Katy Perry,Firework,206093
Niall Horan,Flicker,206042
Kelsea Ballerini,End of the World,205964
Lil Yachty,DN Freestyle,205351
Ed Sheeran,Shape of You - Galantis Remix,205048
Zara Larsson,So Good,204773
Migos,T-Shirt (Spotify Mix) - Recorded at Spotify Studios NYC,204434
Christina Perri,A Thousand Years,204036
Elton John,Step Into Christmas,203971
DJ Khaled,Good Man,203385
A$AP Mob,BYF,202681
T-Pain,Buy U a Drank (Shawty Snappin'),202387
DJDS,Why Don't You Come On,202109
Nicki Minaj,Starships,201813
Paramore,Fake Happy,201664
Old Dominion,Written in the Sand,201574
TLC,No Scrubs,201499
blackbear,gucci linen (feat. 2 Chainz),201479
A$AP Mob,FYBR (First Year Being Rich),201300
Vance Joy,Mess Is Mine,201065
Dead Or Alive,You Spin Me Round (Like a Record),200815
Kodak Black,Up In Here,200628
Soundgarden,Outshined,200592
The Notorious B.I.G.,Hypnotize - 2014 Remastered Version,200576
Young Thug,Tomorrow Til Infinity (feat. Gunna),199839
BØRNS,God Save Our Young Blood (with Lana Del Rey),199295
Meek Mill,Heavy Heart,198513
The All-American Rejects,Sweat,198402
A Boogie Wit da Hoodie,Unhappy,198392
Wiz Khalifa,Weed Farm,197458
Farruko,Krippy Kush - Remix,197352
Miley Cyrus,Rainbowland,196788
Kanye West,Stronger,196788
John Mayer,Your Body Is a Wonderland,196344
Carly Rae Jepsen,Cut To The Feeling,196181
Bebe Rexha,(Not) The One,195340
Trey Songz,Come Over,194983
fun.,We Are Young (feat. Janelle Monáe) - feat. Janelle Monae,194870
Kygo,Never Let You Go,194867
Bebe Rexha,That's It (feat. Gucci Mane & 2 Chainz),194798
DNCE,Kissing Strangers,194710
Dexys Midnight Runners,Come On Eileen,194508
Miley Cyrus,Bad Mood,194345
Kiiara,Wishlist,194082
Thomas Rhett,Sweetheart,194062
Taylor Swift,Out Of The Woods,194036
Axwell /\ Ingrosso,I Love You,193995
Austyn Johnson,A Million Dreams (Reprise),193675
Francis and the Lights,May I Have This Dance (Remix) [feat. Chance the Rapper],193041
Audioslave,Cochise,192786
Stevie Nicks,Stop Draggin' My Heart Around (with Tom Petty & The Heartbreakers) - Remastered,192684
Bhad Bhabie,Hi Bich,192643
Lady Gaga,Just Dance,192517
Hazers,Changes,191964
Alesso,Is That For Me,191911
Blake Shelton,I'll Name the Dogs,191450
Toby Keith,"Courtesy Of The Red, White And Blue (The Angry American)",191443
Thomas Rhett,Smooth Like The Summer,190755
Kanye West,Gold Digger,190740
Vance Joy,Riptide,190530
Joey Bada$$,BABYLON (feat. Chronixx),190230
PnB Rock,Issues (feat. Russ),190114
DJ Khaled,Whatever,189978
Foster The People,Sit Next to Me,189887
DJ Khaled,That Range Rover Came With Steps,189584
Kyle Dixon & Michael Stein,Stranger Things,189260
Life of Dillon,Sex for Breakfast,189064
Taylor Swift,Welcome To New York,188645
The Goo Goo Dolls,Iris,188495
Maroon 5,Help Me Out,187563
Cashmere Cat,Love Incredible (feat. Camila Cabello),186836
Soleima,Low Life,186533
Yellow Claw,Good Day (feat. DJ Snake & Elliphant),186417
Kodak Black,U Aint Never,186253
The Notorious B.I.G.,Big Poppa,186236
Desiigner,Liife,185737
Timeflies,Raincoat (feat. Shy Martin),185336
John Mayer,Emoji of a Wave,185210
Tove Styrke,Mistakes,185163
Lorde,Royals,184882
Taylor Swift,I Knew You Were Trouble.,184779
Ben Howard,Only Love,184687
DRAM,Ill Nana (feat. Trippie Redd),184355
The Rolling Stones,Sympathy For The Devil,184311
Coldplay,A L I E N S,183856
Paul Simon,You Can Call Me Al,183669
Robin Schulz,OK,182963
2Pac,California Love - Original Version,182732
Echosmith,Goodbye,182666
John Mayer,Still Feel Like Your Man,182621
Weezer,Feels Like Summer,182332
Mike Posner,In The Arms Of A Stranger - Grey Remix,181734
Dropkick Murphys,I'm Shipping Up To Boston,180826
Lady Gaga,Born This Way,180380
A$AP Ferg,Trap And A Dream,180202
Brett Young,Like I Loved You,180090
Tiësto,On My Way,180036
Imagine Dragons,Dancing In The Dark,179504
A Boogie Wit da Hoodie,No Promises,179463
Mark Ronson,Uptown Funk,179402
Journey,Don't Stop Believin',178922
The xx,Lips,178891
Imagine Dragons,Radioactive,178307
R3HAB,Killing Time,178188
Stargate,Waterfall,178057
Redbone,Come and Get Your Love - Single Edit,177297
A R I Z O N A,Cross My Mind Pt. 2 (feat. Kiiara),176869
Jack Johnson,Better Together,176804
Hailee Steinfeld,Love Myself,176674
BTS,Outro: Her,176630
Michael Jackson,P.Y.T. (Pretty Young Thing),176354
The Beatles,Here Comes The Sun - Remastered,176207
The xx,A Violent Noise,175818
Kesha,Finding You,175397
Carly Rae Jepsen,Call Me Maybe,174945
The Weeknd,Can't Feel My Face,174924
Soundgarden,Burden In My Hand,174902
Halsey,Heaven In Hiding,174280
Britney Spears,Toxic,174242
Friyie,Money Team,173792
Sublime,Santeria,173077
Young Thug,Feel It,172893
Maggie Rogers,On + Off,171953
Lana Del Rey,Summertime Sadness [Lana Del Rey vs. Cedric Gervais] - Cedric Gervais Remix,171757
Skrillex,Purple Lamborghini (with Rick Ross),171058
Halsey,100 Letters,170832
ZHU,Dreams,170557
Fleetwood Mac,The Chain - Remastered,170393
The Temptations,My Girl,170168
Dimitri Vegas & Like Mike,Complicated (feat. Kiiara),169975
Creedence Clearwater Revival,Fortunate Son,169503
Calvin Harris,Feel So Close - Radio Edit,169357
Macklemore & Ryan Lewis,Thrift Shop (feat. Wanz),169182
Sigrid,Don't Kill My Vibe,168085
Fall Out Boy,"Sugar, We're Goin Down",167766
Jeremih,I Think Of You,167613
PARTYNEXTDOOR,Rendezvous,167328
Chuck Berry,Johnny B. Goode,166987
mansionz,Dennis Rodman,166943
Prince,Kiss,166716
MC Ty,Jingle Bell Rock,166659
Ugly God,I'm A Nasty Hoe,166508
Jason Derulo,Trumpets,166027
Brett Eldredge,No Stopping You,165390
Khalid,Coaster,165032
Kesha,Hunt You Down,164754
Ugly God,I'm Tryna Fuck,164601
Future,Wicked,164503
Andrew McMahon in the Wilderness,So Close,164012
O.T. Genasis,Cut It (feat. Young Dolph),163667
Sam Hunt,House Party,163471
Travis Scott,Yeah Yeah (feat. Young Thug),162786
Shallou,Begin (feat. Wales),162310
Lady Gaga,A-YO,161888
Emma Stone,"Audition (The Fools Who Dream) - From ""La La Land"" Soundtrack",160750
Kodak Black,Versatile,160068
Sia,Move Your Body - Single Mix,159306
J Balvin,Bonita,158543
Blake Shelton,A Guy With a Girl,158382
Ariana Grande,Dangerous Woman,157186
The Weeknd,Earned It (Fifty Shades Of Grey),155111
Guns N' Roses,Sweet Child O' Mine,154748
Otis Redding,Stand By Me,154347
Drake,Jungle,153929
Yo Gotti,They Like,153491
DeJ Loaf,No Fear,152420
Paul Simon,Me and Julio Down by the Schoolyard,151657
Bobby McFerrin,Don't Worry Be Happy,151217
Kehlani,Keep On,150441
August Alsina,Drugs,149475
The Jackson 5,ABC,148305
Kehlani,Gangsta,147537
Sam Cooke,(What A) Wonderful World - Remastered,145484
The Rolling Stones,(I Can't Get No) Satisfaction - Mono Version / Remastered 2002,144843
Phil Collins,You Can't Hurry Love - 2016 Remastered,143813
DJ Khaled,For Free,143765
Kanye West,Champions,141632
MØ,Final Song,139227
Ed Sheeran,Don't,134420
Ed Sheeran,Give Me Love,133040
