Artist,Title,views,delimiter count
Childish Gambino ,This Is America,3758488765,1
Ariana Grande ,No Tears Left To Cry,1576959172,1
"Becky G, Natti Natasha ",Sin Pijama,1182971286,1
The Weeknd ,Call Out My Name,1129777538,1
"Calvin Harris, Dua Lipa ",One Kiss,1030450823,1
"Cardi B, Bad Bunny & J Balvin ",I Like It,896558471,1
Maluma ,Marinero,803455479,1
Taylor Swift ,Delicate,766773238,1
Maluma ,El Préstamo,748060352,1
Daddy Yankee ,Hielo (Video Oficial),735203270,1
Nicki Minaj,Chun-Li,667433581,1
Drake ,Nice For What,583521598,1
Ed Sheeran ,Happier,569737075,1
"Luis Fonsi, Demi Lovato ",Échame La Culpa,534738794,1
ZAYN ,Let Me,518189767,1
"Diplo, French Montana & Lil Pump ft. Zhavia ",Welcome To The Party,510161884,1
Céline Dion ,Ashes (from the Deadpool 2 Motion Picture Soundtrack),409354166,1
Ed Sheeran ,Perfect,400903156,1
Jennifer Lopez ,"Dinero ft. DJ Khaled, Cardi B",390882971,1
Fifth Harmony ,Don't Say You Love Me,385305225,1
Enrique Iglesias ,MOVE TO MIAMI ft. Pitbull,381108660,1
Jennifer Lopez ,El Anillo,372934349,1
Backstreet Boys ,Don't Go Breaking My Heart,364499372,1
Sam Smith ,Pray ft. Logic,363345114,1
Liam Payne & J Balvin ,Familiar,354880801,1
Maroon 5 ,Girls Like You ft. Cardi B,353831319,1
LSD ," ft. Sia, Diplo, Labrinth",339256053,1
G-Eazy,"No Limit REMIX ft. A$AP Rocky, Cardi B, French Montana, Juicy J, Belly",328974320,1
Shawn Mendes ,Youth ft. Khalid,321652176,1
ZAYN ,Entertainer,320371684,1
Camila Cabello ,Never Be the Same,282210710,1
Christina Aguilera ,Fall In Line ft. Demi Lovato,279995026,1
Katy Perry ,Hey Hey Hey,267531344,1
Charlie Puth ,Done For Me (feat. Kehlani),251487442,1
Live It Up ,Nicky Jam feat. Will Smith & Era Istrefi (2018 FIFA World Cup Russia),243713138,1
Gorillaz ,Humility,242312137,1
Eminem ,Walk On Water ft. Beyoncé,240707098,1
"Abraham Mateo, Yandel, Jennifer Lopez ",Se Acabó el Amor,229829215,1
Taylor Swift ,"End Game ft. Ed Sheeran, Future",227530899,1
J. Cole ,Kevin's Heart,226451213,1
Bruno Mars ,Finesse (Remix) [Feat. Cardi B],207839755,1
Selena Gomez ,Back To You,202661272,1
Eminem ,River ft. Ed Sheeran,190959638,1
Charlie Puth ,BOY,181630232,1
Diplo ,Color Blind (feat. Lil Xan),176874297,1
"The Chainsmokers, Drew Love ",Somebody,168682097,1
Jason Derulo ,Colors-The Coca Cola Anthem for the 2018 World Cup,166594232,1
Demi Lovato ,Tell Me You Love Me,162205906,1
Calum Scott ,What I Miss Most,159043663,1
Imagine Dragons ,Next To Me,155876025,1
Drake ,God's Plan,153924091,1
John Mayer ,New Light,152862131,1
Meghan Trainor ,No Excuses,150287605,1
Clean Bandit ,Solo feat. Demi Lovato,143693858,1
Halsey ,"Alone ft. Big Sean, Stefflon Don",143623208,1
The Chainsmokers ,Sick Boy,141402332,1
David Guetta & Sia ,Flames,140776212,1
Maroon 5 ,Wait,139029915,1
Mason Ramsey ,Famous,138535745,1
Troye Sivan ,Bloom,135039439,1
Marshmello ,FLY,134071499,1
Florence + The Machine ,Hunger,126233730,1
WINNER ,‘EVERYDAY’ M/V,126168398,1
Dua Lipa ,IDGAF,125584433,1
Shawn Mendes,Lost In Japan,123625398,1
Shakira ,Trap ft. Maluma,122400297,1
SZA ,Garden (Say It Like Dat),121880668,1
"Selena Gomez, Marshmello ",Wolves,116603411,1
P!nk ,Beautiful Trauma,116054176,1
"Kendrick Lamar, SZA ",All The Stars,113910438,1
The Chainsmokers ,Everybody Hates Me,113713211,1
Carrie Underwood ,Cry Pretty,111763060,1
Bruno Mars and Cardi B ,Finesse,110333348,1
Wanna One (워너원) ,'BOOMERANG (부메랑)' M/V,103916178,1
Shawn Mendes ,In My Blood,102579491,1
"Migos, Nicki Minaj, Cardi B ",MotorSport,98688826,1
"Jay Rock, Kendrick Lamar, Future, James Blake ",King's Dead,92526244,1
PENTATONIX, HAVANA,83353252,1
James Bay ,Us,81672725,1
Jess Glynne ,I'll Be There,80671323,1
Rudy Mancuso & Juanpa Zurita,Terrible Magicians,76093302,1
Dan + Shay ,Speechless (Wedding Video),73213624,1
Carrie Underwood ,The Champion ft. Ludacris,72462589,1
The Chainsmokers ,You Owe Me,72284782,1
Marshmello & Anne-Marie,Friends,72272515,1
Pentatonix, Attention,72222190,1
Prince ,Nothing Compares 2 U,70170796,1
Bebe Rexha ,Ferrari,65536375,1
Billie Eilish ,lovely (with Khalid),62533829,1
Ed Sheeran ,Supermarket Flowers,62046940,1
Justin Timberlake ,Filthy,60961738,1
Miguel ,"Come Through and Chill ft. J. Cole, Salaam Remi",60505008,1
Justin Timberlake ,Say Something ft. Chris Stapleton,58709051,1
Sigrid ,High Five,58079295,1
Camila Cabello ,Havana,58025977,1
"David Guetta, Martin Garrix & Brooks ",Like I Do,57913056,1
5 Seconds Of Summer ,Want You Back,57813772,1
G-Eazy,Him & I,57619932,1
BIGBANG ,꽃 길 (Flower Road) (ENG SUB ADDED),57173158,1
Weezer ,Africa,56853902,1
Jennifer Lopez ,"Amor, Amor, Amor ft. Wisin",55649039,1
"Alan Walker, Keala Settle & The Greatest Showman Ensemble ",This Is Me (Alan Walker Relift),54756747,1
DJ Khaled ,I Believe (from Disney’s A WRINKLE IN TIME) ft. Demi Lovato,54670201,1
Tinashe ,"Me So Bad ft. Ty Dolla $ign, French Montana",51077273,1
"Liam Payne, Rita Ora ",For You (Fifty Shades Freed),51057914,1
Christina Aguilera ,"Accelerate ft. Ty Dolla $ign, 2 Chainz",50120829,1
SZA ,The Weekend,50023317,1
Sugarland ,Babe (Static Video) ft. Taylor Swift,49682986,1
Thomas Rhett ,Marry Me,48557588,1
Meghan Trainor ,No Excuses (Dance Video),47948846,1
Eminem ,Untouchable,46728397,1
J. Balvin ,Ahora,45783421,1
Florence + The Machine ,Sky Full Of Song,45699592,1
Kelly Clarkson ,Meaning of Life,44499027,1
Kendrick Lamar ,LOVE. ft. Zacari,44326688,1
Billie Eilish ,lovely (with Khalid) ,43643107,1
Lil Wayne ,Family Feud feat. Drake | Dedication 5,42913354,1
Justin Timberlake ,Supplies,42339916,1
Pentatonix, New Rules x Are You That Somebody?,42060844,1
"Milo Manheim, Meg Donnelly ",Someday (From ZOMBIES),41928539,1
Justin Timberlake ,Man of the Woods,41701393,1
OK Go ,Obsession ,41183174,1
"Hailee Steinfeld, Alesso ","Let Me Go ft. Florida Georgia Line, watt",40509837,1
Khalid & Normani ,Love Lies,39166248,1
Azealia Banks ,Anna Wintour,38349617,1
"Pitbull, Fifth Harmony ",Por Favor,36099280,1
Meghan Trainor ,Can't Dance,35624815,1
MACKLEMORE FEAT DAVE B & TRAVIS THOMPSON ,CORNER STORE,34127002,1
Lady Gaga ,Your Song,34015827,1
"Zedd, Maren Morris, Grey ",The Middle,33959840,1
Five Finger Death Punch ,Gone Away,33501371,1
iKON ,‘사랑을 했다(LOVE SCENARIO)’ M/V,33246211,1
Alan Walker ,Faded,32685530,1
Justin Timberlake ,Pepsi Super Bowl LII Halftime Show,30542398,1
Sam Smith ,One Last Song,30274314,1
Halsey ,Sorry,29834129,1
"Mustard, Nick Jonas ",Anywhere,29818604,1
JAY-Z,Family Feud ft. Beyoncé,28375589,1
Kelly Clarkson ,I Don't Think About You,27440862,1
Martin Garrix & David Guetta ,So Far Away (feat. Jamie Scott & Romy Dya),27250257,1
Meghan Trainor ,Let You Be Right,27105426,1
Janelle Monáe ,I Like That,26819473,1
The 1975 ,Give Yourself A Try,26793291,1
Lauv ,Bracelet,26757604,1
Grace VanderWaal ,Clearly,26603665,1
"John Legend, BloodPop® ",A Good Night ft. BloodPop®,26333855,1
"Imagine Dragons, Khalid ",Thunder / Young Dumb & Broke (Medley/),25865735,1
Sia ,Santa's Coming For Us,25423928,1
Blake Shelton ,I Lived It,25055794,1
Toni Braxton ,Long As I Live,25039077,1
Marshmello x Juicy J ,You Can Cry (Ft. James Arthur),24624272,1
Calum Scott ,Come Back Home,24248873,1
Rudimental ,"These Days feat. Jess Glynne, Macklemore & Dan Caplen",24053679,1
Demi Lovato ,Sorry Not Sorry,23862488,1
Remy Ma ,Wake Me Up ft. Lil' Kim,23545442,1
Migos ,Stir Fry,23446082,1
Lindsey Stirling ,The Greatest Showman Medley,23144392,1
Marshmello ,Blocks,23144273,1
Lady Gaga ,Joanne (Where Do You Think You’re Goin’?) (Piano Version),22917168,1
Maroon 5 ,Three Little Birds,22545995,1
"Cashmere Cat, Major Lazer, Tory Lanez ",Miss You,21810666,1
Muse ,Thought Contagion,21804186,1
Snoop Dogg ,One More Day ft. Charlie Wilson,21307932,1
Keith Urban ,Coming Home ft. Julia Michaels,20659794,1
Calum Scott ,You Are The Reason,20225000,1
Jason Mraz  ,Have It All,19889568,1
Steve Aoki x Lauren Jauregui ,All Night [Ultra Music],19749530,1
Brett Young ,Mercy,19516800,1
Lil Peep ,Save That Shit,19266150,1
Crossing A Line ,Mike Shinoda,19259352,1
"Camila Cabello, Daddy Yankee ",Havana (Remix),19077166,1
Kygo ,Stranger Things ft. OneRepublic,19071153,1
Julia Michaels ,Heaven,19065783,1
Julia Michaels ,Jump ft. Trippie Redd,19002541,1
Pentatonix, Deck The Halls,18943266,1
French Montana ,Famous,18885554,1
Fall Out Boy ,HOLD ME TIGHT OR DON’T,18682330,1
Charlie Puth ,The Way I Am,18396032,1
NF ,NO NAME,17964060,1
Tinashe ,No Drama ft. Offset,17810863,1
Lindsey Stirling ,Carol of the Bells,17801731,1
Snow Patrol ,What If This Is All The Love You Ever Get?,17315483,1
Camila Cabello ,Real Friends,17270319,1
P!nk ,Wild Hearts Can't Be Broken,17192546,1
Paramore,Fake Happy,17028247,1
"DJ Snake, Lauv ",A Different Way,17011865,1
"Sia, David Guetta & Afrojack ",Helium (Sia vs. David Guetta & Afrojack),16860272,1
Pentatonix, Perfect,16655672,1
"Hailee Steinfeld, BloodPop® ",Capital Letters,16524852,1
G-Eazy & Halsey,The Plan,15925027,1
Lauv ,Chasing Fire,15839009,1
Khalid ,Fast Car (Tracy Chapman cover) in the Live Lounge,15763409,1
"Taylor Swift, BloodPop® ",…Ready For It? (BloodPop® Remix),15721176,1
Camila Cabello ,Something's Gotta Give,15352635,1
Panic! At The Disco ,Feels Like Christmas,15236171,1
"Sean Paul, David Guetta ",Mad Love ft. Becky G,15162536,1
Janelle Monáe ,PYNK,15074688,1
Louis Tomlinson ,Miss You,14971040,1
Harry Styles ,Kiwi,14655593,1
"Machine Gun Kelly, X Ambassadors & Bebe Rexha ",Home (from Bright: The Album),14571298,1
AURORA ,Queendom,14469378,1
Kesha ,Hymn,14448088,1
Little Mix ,Nothing Else Matters (Glory Days Tour),14241026,1
"Sabrina Carpenter, Jonas Blue ",Alien ( Only),13769838,1
Diplo ,Get It Right (Feat. Mø),13680591,1
"The Weeknd, Kendrick Lamar ",Pray For Me,13576338,1
Iggy Azalea ,Savior ft. Quavo,13505499,1
Remy Ma ,Melanin Magic (Pretty Brown) ft. Chris Brown,13442558,1
G-Eazy,Sober ft. Charlie Puth,13369636,1
Joyner Lucas & Chris Brown ,Stranger Things,13201711,1
Khalid ,Saved,13101198,1
Shawn Mendes ,There's Nothing Holdin' Me Back,12501077,1
Sam Smith ,Palace (On The Record: The Thrill Of It All Live),12461963,1
James Bay ,Wild Love,12430377,1
Foster The People ,Sit Next to Me (Around The World),12429740,1
Avicii ,Friend Of Mine ft. Vargas & Lagola,12421837,1
Jhené Aiko ,Sativa ft. Rae Sremmurd,12361863,1
Calvin Harris ,Nuh Ready Nuh Ready ft. PARTYNEXTDOOR,12113607,1
ASKING ALEXANDRIA ,"Someone, Somewhere (Acoustic)",12104824,1
BIG SHAQ ,MAN DON'T DANCE,12090841,1
Noah Cyrus ,Again (Alan Walker Remix),11956321,1
Kygo ,Stranger Things ft. OneRepublic (Alan Walker Remix),11810739,1
Charlie Puth ,If You Leave Me Now (feat. Boyz II Men),11750641,1
James Bay ,Delicate (Taylor Swift cover) in the Live Lounge,11490721,1
Charlie Puth ,Change (feat. James Taylor),11467957,1
The Greatest Showman ,Never Enough,11406846,1
Hayley Kiyoko ,Curious,11254749,1
Sade ,Flower of the Universe,11189872,1
Sia ,Ho Ho Ho,11029736,1
Marshmello ,LoVe U,10940254,1
Crawling (One More Light Live) ,Linkin Park,10902987,1
Chloe x Halle ,Warrior (from A Wrinkle in Time),10762577,1
Shawn Mendes ,Nervous,10319103,1
Don Diablo ft. Ansel Elgort ,Believe,10290700,1
Maggie Lindemann ,Obsessed,10108524,1
Grace VanderWaal ,So Much More Than This,10093084,1
Lauv ,Getting Over You,9840881,1
Chris Young ,Hangin' On,9740916,1
Fall Out Boy ,Church,9643354,1
Tinashe ,Faded Love ft. Future,9612528,1
HONNE ,Location Unknown ◐ (feat. Georgia),9466947,1
Gallant ,Doesn't Matter,9466408,1
Charlie Puth (feat. Boyz II Men) ,If You Leave Me Now (Studio Session),9376747,1
Chris Brown ,On Purpose ft. AGNEZ MO,9361727,1
Don Diablo ,Higher ft  Betty Who | ,9302190,1
Kacey Musgraves ,Space Cowboy,9203022,1
"Milo Manheim, Meg Donnelly ",Someday  Ballad (From ZOMBIES),9163169,1
John Newman ,Fire In Me,9136937,1
Noah Cyrus ,We Are... ft. MØ,8938720,1
Marshmello ,TELL ME,8836953,1
Jason Derulo ,Tip Toe feat. French Montana,8524177,1
Sabrina Claudio ,All To You (Lyric Visual),8479401,1
Grace VanderWaal ,City Song,8469640,1
The Internet ,Come Over,8274481,1
David Guetta & Afrojack ft Charli XCX & French Montana ,Dirty Sexy Money,8199225,1
Christina Aguilera ,Twice,8089438,1
End Game ,Behind The Scenes,7975625,1
Lady Gaga ,The Cure,7825023,1
"J. Balvin, Willy William ",Mi Gente (Alesso Remix) with Anwar Jibawi,7786569,1
Sia ,Candy Cane Lane,7781119,1
Green Day ,Back In The USA,7780608,1
Mariah Carey ,Live At Dick Clark's New Year's Rockin' Eve 2018!,7763315,1
"Enrique Iglesias, Pitbull ",MOVE TO MIAMI,7742242,1
Kylie Minogue ,Stop Me from Falling,7610602,1
Ansel Elgort ,Supernova,7590243,1
Bullet For My Valentine ,Letting You Go,7590086,1
Dave Matthews Band ,Samurai Cop (Oh Joy Begin) (Visualizer),7500468,1
U2 ,Get Out Of Your Own Way,7389631,1
"Niall Horan, Maren Morris ",Seeing Blind (Acoustic),7149266,1
Jason Aldean ,You Make It Easy,7044089,1
Taylor Swift,Look What You Made Me Do,7000902,1
Troye Sivan ,The Good Side,6812352,1
Mase ,The Oracle (Cam'Ron Diss),6732940,1
5 Seconds Of Summer ,Youngblood (Acoustic),6494018,1
George Ezra ,Pretty Shining People,6347151,1
"Nicki Minaj: On Cardi B, Migos",MotorSport,6235142,1
Ellie Goulding ,Vincent,6183168,1
Alan Walker ,All Falls Down,6119154,1
Kylie Minogue ,Dancing,6080317,1
"BØRNS, Lana Del Rey ",God Save Our Young Blood,6079208,1
Nick Jonas ,Home,5911382,1
MNEK ,Colour ft. Hailee Steinfeld,5898886,1
Katy Perry ,Making Of “Hey Hey Hey” ,5802305,1
Fall Out Boy ,Wilson (Expensive Mistakes),5695046,1
Jason Aldean ,Rearview Town,5648987,1
Pentatonix, How Great Thou Art featuring Jennifer Hudson,5614439,1
Three Days Grace ,The Mountain,5527420,1
CHVRCHES ,My Enemy ft. Matt Berninger,5474359,1
James Arthur ,Naked,5465397,1
Kesha ,This Is Me (from The Greatest Showman Soundtrack),5305802,1
Bruno Mars ,Live At The Apollo Theater [ Trailer] (November 29th on CBS),5286318,1
Niall Horan ,On The Loose,5251229,1
The Final Countdown ,Europe (Vintage Cabaret Cover) ft. Gunhild Carling,5248799,1
Sugarland ,Still The Same,5198965,1
Jack White ,Connected By Love,5156012,1
Kacey Musgraves ,High Horse,5126543,1
"Sting, Shaggy ",Don't Make Me Wait,5102092,1
Elton John ,Farewell Yellow Brick Road Tour: The Launch (VR180),5050726,1
Thirty Seconds To Mars ,Dangerous Night,4994625,1
Kid Rock ,American Rock 'n Roll,4950866,1
Kehlani ,Again,4721197,1
Lindsey Stirling ,Angels We Have Heard on High,4702023,1
The Script ,Arms Open,4685750,1
"Zedd, Maren Morris, Grey ",The Middle (Presented by Target),4671390,1
Kane Brown ,Found You,4493298,1
MGMT ,Me and Michael,4413729,1
"Julia Michaels, Trippie Redd ",Jump ft. Trippie Redd,4412637,1
Sigrid ,Raw (Live),4394444,1
Talking to Myself  ,Linkin Park,4384154,1
Sabrina Carpenter ,Almost Love ,4247508,1
Cam'ron ,Dinner Time (Mase Diss Track),4193017,1
Luke Combs ,One Number Away,4167194,1
Maggie Rogers ,Fallingwater,4072501,1
Breaking Benjamin ,Red Cold River ( Only),4019099,1
NF ,Let You Down,3959385,1
Ghosts ,Mike Shinoda,3795869,1
"Calum Scott, Leona Lewis ",You Are The Reason (Duet Version),3680628,1
Keith Urban ,Parallel Line,3583489,1
Sia ,Snowman,3507639,1
Chris Stapleton ,Tryin' To Untangle My Mind,3353204,1
Diplo ,Look Back (Feat. DRAM),3346687,1
Chloe x Halle ,Grown,3333684,1
George Ezra ,Saviour ft. First Aid Kit,3249689,1
Dua Lipa ,Golden Slumbers,3242072,1
Foo Fighters ,Everlong/Christmas (Baby Please Come Home)/ Linus And Lucy (Live At SNL),3225798,1
Britney Spears ,Toxic,3206710,1
John Legend ,All of Me ( cover by Big Marvel ),3137004,1
"One Bit, Noah Cyrus ",My Way,3110803,1
Logic & Rag'n'Bone Man ,Broken People (from Bright: The Album),3094890,1
DJ Earworm Mashup ,United State of Pop 2017 (How We Do It),3034381,1
Chris Stapleton ,I Want Love,3029520,1
"DJ Khaled, Rihanna ",Wild Thoughts (2018 Live Performance),3014847,1
Alison Wonderland ,Easy,2856469,1
Chloe x Halle ,The Kids Are Alright ,2844588,1
Tori Kelly ,Help Us To Love ft. The HamilTones,2822348,1
blackbear ,anxiety ft. FRND,2822309,1
Mariah Carey ,The Star,2819753,1
Lewis Capaldi ,Rush ft. Jessie Reyez,2807018,1
Enth E Nd ,Linkin Park,2800035,1
Vance Joy ,Call If You Need Me,2796176,1
Imagine Dragons ,Thunder,2771397,1
alt-J,Pleader,2769646,1
"Imagine Dragons, Miss Congeniality ",Whatever It Takes (Miss Congeniality Remix/),2717668,1
Bon Jovi ,When We Were Us,2714342,1
Meng Jia & Jackson Wang (孟佳 & 王嘉尔）,MOOD ,2661336,1
Bebe Rexha ,1 Souls on Fire (feat. Quavo),2645615,1
Evanescence ,Together Again,2644211,1
Lecrae ,Broke,2590805,1
Taylor Swift ,I Did Something Bad,2575740,1
dodie ,In The Middle,2553489,1
Cam ,Diane,2507442,1
The Original JJ Redick Chinese New Year Video,51's,2485536,1
Kali Uchis ,Isolation ALBUM REVIEW,2474703,1
Jennifer Hudson ,Burden Down,2461736,1
R3HAB x Lia Marie Johnson ,The Wave,2445747,1
Lauv ,Paris in the Rain,2414250,1
Beck ,Fix Me,2386317,1
Brantley Gilbert ,The Ones That Like Me,2363589,1
Mariah Carey ,Lil Snowman,2330043,1
Don Diablo ,People Say ft. Paije,2329716,1
Why Don't We ,Trust Fund Baby,2317683,1
Ricky Martin ,Fiebre,2298173,1
Janelle Monáe ,Dirty Computer [Trailer],2283498,1
This Is Me ,Cover by Shoshana Bean Featuring Travis Wall,2272376,1
U2 ,American Soul,2208593,1
Nickelback ,The Betrayal Act III,2163388,1
Kiss You This Christmas ,Why Don't We,2134458,1
dodie ,Secret For The Mad,2130909,1
U2 ,The Blackout,2053363,1
CHVRCHES ,Get Out (Preview),2033978,1
PRETTYMUCH ,"10,000 Hours",2021468,1
Miguel ,Pineapple Skies,1964160,1
Passenger,Simple Song,1953666,1
Fall Out Boy ,Yule Shoot Your Eye Out,1952178,1
Let It Go ,Frozen ( cover by Big Marvel ),1944119,1
Thirty Seconds To Mars ,Walk On Water,1905487,1
James Blake ,If The Car Beside You Moves Ahead ( video),1894274,1
X Ambassadors ,Don't Stay,1879047,1
Sufjan Stevens ,Tonya Harding,1839807,1
Sigrid ,Strangers,1824117,1
Liam Payne ,Bedroom Floor (Live Acoustic),1787999,1
The Beatles ,Something,1776501,1
Lindsey Stirling ,Christmas C'mon feat. Becky G,1745181,1
Anne-Marie,Then,1726336,1
The Floppotron: Toto ,Africa,1715221,1
Vance Joy  ,We're Going Home,1709562,1
SZA x Calvin Harris ,The Weekend (Funk Wav Remix),1706043,1
Keke Palmer ,PREGAME ,1669457,1
MØ ,When I Was Young,1660223,1
ULTRA LIVE presents Ultra Music Festival 2018 ,DAY0,1648886,1
Jessie J ,Queen,1647502,1
Kane Brown ,Setting the Night On Fire,1592971,1
Hudson Moore ,Summertime Queen,1581744,1
R3HAB x Mike Williams ,Lullaby,1574232,1
Paris Hilton ,“I Need You”,1558854,1
MØ ,Nostalgia,1522394,1
Ozuna ,Música Sin Fronteras (A YouTube Documentary),1498866,1
TobyMac ,I just need U.,1477864,1
Troye Sivan ,Dance To This ft. Ariana Grande,1473589,1
Galantis & Throttle ,Tell Me You Love Me,1467304,1
Matthew Santoro ,FACTS f. Ellevan & Humble the Poet,1463506,1
björk,blissing me,1456052,1
Foster The People ,Sit Next to Me,1448229,1
Portugal. The Man ,Feel It Still,1427475,1
Bastille ,World Gone Mad (from Bright: The Album),1424124,1
Niall Horan ,Too Much To Ask (Acoustic),1407469,1
DUA LIPA ,NEW RULES (Leroy Sanchez LIVE Cover),1381878,1
Portugal. The Man ,Keep On,1370156,1
The Killers ,Rut,1366893,1
Bebe Rexha ,Meant to Be (feat. Florida Georgia Line) [Fan Video],1353367,1
Sam Smith ,Have Yourself A Merry Little Christmas in the Live Lounge,1304661,1
X Ambassadors ,JOYFUL,1292530,1
Royal Blood ,Look Like You Know,1283922,1
Kelly Clarkson & P!nk,Everybody Hurts,1282029,1
Rag'n'Bone Man ,Die Easy,1265911,1
Bella Thorne ,Burn so Bright from the Midnight Sun Original Motion Picture Soundtrack,1260240,1
NEW: RECKLESS LOVE (ACOUSTIC VERSION) ,Cory Asbury,1257393,1
Chris Stapleton ,A Simple Song,1247132,1
Juicy J ,Kamasutra ft. Cardi B,1225957,1
Jack White ,Corporation,1205217,1
björk,utopia,1200207,1
Nina Nesbitt ,Somebody Special,1198042,1
Charli XCX ,Out Of My Head ft. Tove Lo and ALMA,1160801,1
PRETTYMUCH ,No More ft. French Montana,1156401,1
Scotty McCreery ,In Between,1152025,1
HAIM ,Night So Long (Live At The Greek),1128822,1
Chris Stapleton ,Midnight Train To Memphis (Live From SNL Studios/2018),1120382,1
BØRNS ,I Don't Want U Back,1111096,1
Ed Sheeran & Anne-Marie,Fairytale Of New York,1092539,1
Keith Urban ,Female,1088414,1
Nick Jonas ,Find You,1079800,1
Josh Groban ,Happy Xmas (War Is Over),1079744,1
James Arthur ,Naked Lyrics,1044035,1
Green Day ,1999 Light Years Away,1036988,1
Christina Aguilera ,Whitney Houston Tribute,1030676,1
Leona Lewis & Dinah Jane ,Christmas Medley,1014765,1
björk,arisen my senses,1005633,1
Luke Bryan ,Hooked On It,944211,1
The Vamps ,Same To You (Acoustic),940982,1
Incubus ,Loneliest,933242,1
Tove Lo ,cycles “”,930627,1
The Maccabeats ,Candles on the Sill ,922695,1
Matt and Kim ,FOREVER ,922543,1
Kesha ,We R Who We R (Live from Honda Stage at Hollywood Palladium),900366,1
Kip Moore ,Last Shot,857590,1
Lady Gaga ,Joanne/Million Reasons,845262,1
Charli XCX ,Backseat (feat. Carly Rae Jepsen),844974,1
Eminem ,Love The Way You Lie ft Skylar Grey on Radio 0,839133,1
Moby ,Like A Motherless Child,817445,1
David Archuleta ,Seasons ft. Madilyn Paige,786640,1
Marble Demagnetizer ,it's Mechanical! / Marble Machine X #23,783946,1
Josh Groban ,Granted ,780058,1
Michael Bublé ,White Christmas (ft. Shania Twain),772722,1
Mandisa ,"Bleed The Same ft. TobyMac, Kirk Franklin",765649,1
Maroon 5 ,What Lovers Do,762616,1
Bishop Briggs ,White Flag,717893,1
Parson James ,Only You,706615,1
Sting & Shaggy ,Don't Make Me Wait (audio),705137,1
Wallows ,Pictures of Girls,700538,1
Bleachers ,Alfie's Song (Not So Typical Love Song),692242,1
HANSON ,Finally It's Christmas,688533,1
Ellie Goulding ,O Holy Night,677047,1
Alex Aiono ft T-Pain,One At A Time,668645,1
CYN ,Only With You,665088,1
Kelly Clarkson ,Miss Independent / Love So Soft,663022,1
Have Yourself A Merry Little Christmas (ft. Tori Kelly) ,Jacob Collier,662097,1
Remy Ma ,Melanin Magic (Pretty Brown) (Video) ft. Chris Brown,661768,1
Neck Deep ,Parachute,661607,1
P!nk ,Barbies,651036,1
Anthem Lights,"Mary, Did You Know?",624703,1
Luke Bryan ,Out Of Nowhere Girl,617652,1
Troye Sivan,My My My!,617310,1
The Fall ,Kurious Oranj,612401,1
Kimbra ,Top of the World,596655,1
Portugal. The Man ,Cheer Up (from Bright: The Album),558665,1
Josh Groban with Tony Bennett ,Christmas Time Is Here,556946,1
Jack Johnson ,Big Sur,530653,1
Charli XCX ,Pop 2 MIXTAPE REVIEW,517755,1
Nick Jonas & Jack Black ,Jumanji Jumanji,495637,1
Hunter Hayes ,You Should Be Loved (Part One Of Pictures),482398,1
Shawn Mendes ,Psycho (Post Malone cover),478030,1
Hunter Hayes ,This Girl (Part Three Of Pictures),475967,1
Incubus ,No Fun,470333,1
2CELLOS ,Cinema Paradiso,432186,1
Elton John ,"His Past, London's Present. A Taste Of The Future.",408977,1
Hunter Hayes ,More (Part Two Of Pictures),386217,1
Tedashii ,Messenger,355827,1
björk ,the gate deconstructed,342008,1
Elbow ,Golden Slumbers (John Lewis Advert 2017),335100,1
Brett Young ,O Holy Night,333558,1
Rachel Platten ,Whole Heart,326520,1
Bebe Rexha ,Meant To Be (Acoustic),324964,1
Empire Of The Sun ,Way To Go,317301,1
K.Flay ,Run For Your Life (From The Original Motion Picture “Tomb Raider”/),310355,1
MONA ,Kiss Like A Woman,296708,1
Stampede ,Alexander Jean Ft. Lindsey Stirling,296615,1
Darren Criss ,I Don’t Mind,284049,1
Luke Bryan ,O Holy Night,273155,1
"Tim McGraw, Faith Hill ",Cowboy Lullaby,254519,1
K. Michelle ,Kim K,236609,1
Jonghyun Lonely (Feat. 태연) ,Piano Cover,234553,1
The Cranberries ,Dreams ( HQ),227777,1
Last Friday Night ,Katy Perry ('40s Jazz Vibes Style Cover) ft. Olivia Kuper Harris,226088,1
Pia Mia ,Off My Feet,224819,1
Greyson Chance ,Low ,219215,1
Clean Bandit ,I Miss You feat. Julia Michaels in the Radio 1 Live Lounge,215568,1
Sheryl Crow ,The Dreaming Kind,204105,1
Marteen ,We Cool,188200,1
Mod Sun ,address on the internet,180919,1
Tessa Violet,Interlude III-original song,169393,1
Little Big Town with Jimmy Webb ,Wichita Lineman,159222,1
John Legend ,A Good Night ft. BloodPop®,159011,1
Neil Young + Promise of The Real ,Already Great,149839,1
Kesha ,Learn To Let Go in the Live Lounge,145078,1
The Script ,Arms Open (Benny Benassi x MazZz & Rivaz Remix),139427,1
Ciara ,Santa Baby (Taraji's White Hot Holidays 2017),109664,1
Lecrae ,Broke ,104565,1
Lissie ,Blood and Muscle,101583,1
Tracey Thorn ,Queen,101406,1
Enter Shikari ,The Sights,99619,1
Sam Smith ,The Thrill of It All ALBUM REVIEW,98422,1
Chappell Roan ,Die Young,96111,1
Alicia Keys ,When You Were Gone,95944,1
Carlie Hanson ,Only One (Lyrics),94323,1
SEVDALIZA ,HEAR MY PAIN HEAL (4K),90206,1
MisterWives ,Oh Love,83853,1
TROY AVE ,1 LEGIT 2 QUIT,83768,1
Eminem ,Berzerk on Radio 0,82972,1
SAOIRSE RONAN ,MORONIC (IRONIC),80022,1
Nick Jonas ,Say All You Want For Christmas ft. Shania Twain,78674,1
Andy Grammer ,The Good Parts,74566,1
Cardi B,Bodak Yellow,72842,1
First Aid Kit ,Fireworks ,70077,1
Les Amazones d'Afrique feat. Nneka ,La Dame et Ses Valises,66888,1
Drake Bell ,Rewind,65973,1
Kat Cunning ,Wild Poppies,65739,1
Tom Thum ,Human ft. Ruel,64822,1
AMANDA PALMER ,JUDY BLUME,57481,1
VCV ,"Open source, FREE modular software. First look and noob tutorial.",57047,1
Matoma ,Slow (feat. Noah Cyrus),56602,1
Console Security ,"Switch (34c3 Lecture with derrek, plutoo, and naehrwert)",45967,1
The Smithereens ,Blue Period,45096,1
Ferras ,Coming Back Around,44195,1
Chloe x Halle ,I Say So,43072,1
Phillip Phillips ,Magnetic,38068,1
"Noah Kahan, Julia Michaels ",Hurt Somebody,32509,1
Middle Kids ,Mistake,32433,1
Tove Styrke ,liability (demo),30716,1
CLOVES ,Bringing The House Down,30260,1
Train ,Have Yourself a Merry Little Christmas,30021,1
RAINSFORD ,Intentions feat. Twin Shadow,29054,1
Peking Duk ,Wasted,26117,1
The Aces ,Fake Nice,18278,1
FRANKIE ,Coping,14223,1
Jack Johnson ,Only The Ocean,13135,1
mad eye moody ,moving eyeball prop,10991,1
Gin Wigmore ,Cabrona,10682,1
MILCK ,This Is Not The End,10668,1
CoinDaddy ,Crypto Life,9577,1
Tony Rizzo Embarrassed by Dan Le Batard and Joe Thomas ,Again,5107,1
